target_party,cloned_questions,party,original,original_crw,crw_drift,worst_case,worst_case_crw,delta_attack_worst,delta_crw_worst,reduction_worst,realistic,realistic_crw,delta_attack_realistic,delta_crw_realistic,reduction_realistic
SP,32220;32248;32240;32217;32270,SP,0.1535690512549438,0.1548636399232554,0.001294588668311586,0.2042366576608379,0.1954951251027888,0.0506676064058941,0.04063148517953341,19.807766615146825,0.1751916187008146,0.1653206860096353,0.021622567445870794,0.0104570460863799,51.63827740365377
SP,32220;32248;32240;32217;32270,Green,0.1059017580954566,0.1057634891734158,-0.00013826892204080177,0.0998313853322341,0.1007013782841891,-0.0060703727632225035,-0.005062110889226701,16.609554525290125,0.1029381534124232,0.1040663299267735,-0.0029636046830334023,-0.0016971592466422936,42.73327828240697
SP,32220;32248;32240;32217;32270,GLP,0.175280942871692,0.1749811562708077,-0.0002997866008842831,0.1468464896824465,0.14837478953757,-0.02843445318924548,-0.026606366733237713,6.429124709523826,0.1600884921101095,0.1683075394494746,-0.015192450761582488,-0.006673616821333106,56.07280927835001
SP,32220;32248;32240;32217;32270,Centre,0.161127344453583,0.1614308019108049,0.00030345745722187845,0.150136800579506,0.152287922393203,-0.010990543874076997,-0.009142879517601898,16.811400578938763,0.1566403343905426,0.1589456321704071,-0.00448701006304042,-0.00248516974039778,44.61412598852481
SP,32220;32248;32240;32217;32270,FDP,0.0368321488703555,0.0367978875445402,-3.426132581529906e-05,0.0357406809193782,0.0357859548142059,-0.0010914679509772957,-0.0010119327303343,7.2869955156979245,0.0362851912760879,0.0367428246994797,-0.0005469575942676011,-5.50628450605023e-05,89.93288590603925
SP,32220;32248;32240;32217;32270,SVP,0.0305635498649121,0.0306002584282857,3.670856337360112e-05,0.027247542973491,0.0283463526371427,-0.0033160068914211,-0.002253905791142999,32.029520295204506,0.0294708582951559,0.0301475194800104,-0.0010926915697562004,-0.0004527389482752997,58.566629339300746
Green,32217;32240;32251;32221;32266,SP,0.1535690512549438,0.1548636399232554,0.001294588668311586,0.1700230529778015,0.1700915756294327,0.016454001722857686,0.015227935706177309,7.451476165686444,0.1591047026116936,0.1593298484670525,0.005535651356749799,0.004466208543797118,19.319186560560297
Green,32217;32240;32251;32221;32266,Green,0.1059017580954566,0.1057634891734158,-0.00013826892204080177,0.1385368945534313,0.1285019969458455,0.032635136457974695,0.022738507772429695,30.32507217577963,0.1190923685343924,0.1114166079329601,0.013190610438935796,0.005653118759544301,57.1428571428542
Green,32217;32240;32251;32221;32266,GLP,0.175280942871692,0.1749811562708077,-0.0002997866008842831,0.1427204471592459,0.1447822448020672,-0.0325604957124461,-0.030198911468740514,7.2529124389309585,0.1591022553741373,0.165774648576691,-0.01617868749755469,-0.009206507694116711,43.09484193011195
Green,32217;32240;32251;32221;32266,Centre,0.161127344453583,0.1614308019108049,0.00030345745722187845,0.1463191099886454,0.1503374740592826,-0.01480823446493762,-0.011093327851522283,25.086762518592963,0.1549860018011684,0.1585124711225975,-0.006141342652414616,-0.002918330788207385,52.48057381947295
Green,32217;32240;32251;32221;32266,FDP,0.0368321488703555,0.0367978875445402,-3.426132581529906e-05,0.0324124378401652,0.0330438251301924,-0.004419711030190301,-0.0037540624143478016,15.060908084161307,0.0349171854810289,0.0359389071615964,-0.0019149633893265974,-0.000858980382943797,55.14376996805876
Green,32217;32240;32251;32221;32266,SVP,0.0305635498649121,0.0306002584282857,3.670856337360112e-05,0.027979267003406,0.0288725087121653,-0.0025842828615060993,-0.0017277497161203997,33.1439393939454,0.0298881122988366,0.0302490798386776,-0.0006754375660754999,-0.00035117858960809906,48.00724637681101
GLP,32222;32242;32233;32214;32237,SP,0.1535690512549438,0.1548636399232554,0.001294588668311586,0.1453928305728497,0.1487859254473551,-0.008176220682094087,-0.0060777144759002755,25.665968272964278,0.1500866322095622,0.1537489232154749,-0.0034824190453816017,-0.0011147167077804887,67.99016163035203
GLP,32222;32242;32233;32214;32237,Green,0.1059017580954566,0.1057634891734158,-0.00013826892204080177,0.0992269176553456,0.101055004111354,-0.0066748404401110045,-0.0047084850620617985,29.459211732355726,0.1047344257801744,0.1052728180429881,-0.0011673323152821963,-0.0004906711304276945,57.96645702307338
GLP,32222;32242;32233;32214;32237,GLP,0.175280942871692,0.1749811562708077,-0.0002997866008842831,0.2171103508359876,0.2044006225772445,0.0418294079642956,0.029419466306436798,29.667983033495425,0.1916603038490243,0.1815727906339407,0.016379360977332308,0.006591634363132981,59.756461975193886
GLP,32222;32242;32233;32214;32237,Centre,0.161127344453583,0.1614308019108049,0.00030345745722187845,0.1590153784408174,0.1580621794118807,-0.002111966012765615,-0.0033686224989241953,-59.501738122811545,0.1588905693253459,0.1593971474999035,-0.0022367751282371118,-0.002033654410901392,9.08096280093238
GLP,32222;32242;32233;32214;32237,FDP,0.0368321488703555,0.0367978875445402,-3.426132581529906e-05,0.0382699009358241,0.037347292376366,0.0014377520654686032,0.0005494048318257991,61.78723404255846,0.0373950135087518,0.0371649731782769,0.0005628646383963043,0.00036708563373669817,34.782608695656094
GLP,32222;32242;32233;32214;32237,SVP,0.0305635498649121,0.0306002584282857,3.670856337360112e-05,0.0307483163005594,0.0308351932338772,0.00018476643564730236,0.0002349348055914989,-27.152317880917586,0.0309893692000466,0.0307262911625353,0.0004258193351345009,0.00012603273424960024,70.40229885056979
Centre,32245;32228;32262;32236;32239,SP,0.1535690512549438,0.1548636399232554,0.001294588668311586,0.1226225087121618,0.1302750205567938,-0.030946542542781993,-0.02458861936646159,20.54485785457585,0.1417880496495543,0.1474191432710755,-0.011781001605389502,-0.007444496652179888,36.80930619027991
Centre,32245;32228;32262;32236;32239,Green,0.1059017580954566,0.1057634891734158,-0.00013826892204080177,0.0838949743529435,0.0893718920082943,-0.022006783742513095,-0.016391597165121494,25.51570753405499,0.0982712713888505,0.1013547907122383,-0.007630486706606099,-0.0044086984611775015,42.2225785760079
Centre,32245;32228;32262;32236;32239,GLP,0.175280942871692,0.1749811562708077,-0.0002997866008842831,0.1765694134461051,0.1773770018403251,0.0012884705744131142,0.0023958455695173853,-85.94491927832108,0.1745639022671257,0.1744085026821768,-0.000717040604566288,-0.0005726535886309003,20.136518771168088
Centre,32245;32228;32262;32236;32239,Centre,0.161127344453583,0.1614308019108049,0.00030345745722187845,0.1955318336661594,0.1859839363326707,0.034404489212576383,0.024553134421865824,28.633922537961844,0.1741637789263495,0.1692154645835785,0.013036434472766478,0.007784662672773612,40.28533883987975
Centre,32245;32228;32262;32236;32239,FDP,0.0368321488703555,0.0367978875445402,-3.426132581529906e-05,0.0438251301930395,0.0413950232977029,0.006992981322684,0.004597135753162701,34.260717410321085,0.0381120541133175,0.0373546340890409,0.0012799052429620025,0.0005567465445006983,56.500956022943114
Centre,32245;32228;32262;32236;32239,SVP,0.0305635498649121,0.0306002584282857,3.670856337360112e-05,0.0321004150514895,0.0317259877050782,0.0015368651865774012,0.001125729276792501,26.751592356678977,0.0314335428168679,0.031092153177493,0.0008699929519558024,0.0004918947492073,43.45991561178884
FDP,32230;32249;32261;32271;32244,SP,0.1535690512549438,0.1548636399232554,0.001294588668311586,0.1435427189788168,0.1476332765574221,-0.010026332276127009,-0.007230363365833298,27.88625823773061,0.1512674243314169,0.1537880790164082,-0.002301626923526895,-0.0010755609068471839,53.26953748007737
FDP,32230;32249;32261;32271;32244,Green,0.1059017580954566,0.1057634891734158,-0.00013826892204080177,0.1001593151650341,0.1022896354594864,-0.005742442930422503,-0.0034738537139294007,39.505646707858354,0.1051492325462966,0.1054893985668928,-0.0007525255491599991,-0.0002740906065230031,63.5772357723994
FDP,32230;32249;32261;32271;32244,GLP,0.175280942871692,0.1749811562708077,-0.0002997866008842831,0.1793384627432618,0.1770992403774687,0.004057519871569798,0.002118084106660978,47.798552472855285,0.1743974901131664,0.1745883746427103,-0.0008834527585255825,-0.0003927816280974161,55.54016620504534
FDP,32230;32249;32261;32271;32244,Centre,0.161127344453583,0.1614308019108049,0.00030345745722187845,0.1619153549473367,0.1600676905908606,0.0007880104937536825,-0.0013631113199442935,-72.98136646012443,0.1588085868671451,0.159933092525158,-0.002318757586437903,-0.0014977093856468893,35.408970976233675
FDP,32230;32249;32261;32271;32244,FDP,0.0368321488703555,0.0367978875445402,-3.426132581529906e-05,0.0471129938525402,0.0440576177610724,0.010280844982184699,0.007259730216532201,29.38586050940052,0.0406767590743579,0.0383066094991979,0.0038446102040024036,0.0015087219546576977,60.75747931254374
FDP,32230;32249;32261;32271;32244,SVP,0.0305635498649121,0.0306002584282857,3.670856337360112e-05,0.031816535494733,0.0315253142253022,0.0012529856298208984,0.000925055797016499,26.17187499997695,0.0311790301108106,0.0308009319080618,0.0006154802458985011,0.00020067347977609923,67.39562624253706
SVP,32230;32227;32233;32234;32249,SP,0.1535690512549438,0.1548636399232554,0.001294588668311586,0.1472135753161838,0.1503986549982398,-0.0063554759387600135,-0.004464984925015597,29.74586060840726,0.1514876757116585,0.1540670640980468,-0.002081375543285302,-0.0007965758252085897,61.7283950616979
SVP,32230;32227;32233;32234;32249,Green,0.1059017580954566,0.1057634891734158,-0.00013826892204080177,0.1032073495438283,0.1041935862798021,-0.002694408551628294,-0.001569902893613695,41.734786557704254,0.106142810994944,0.1057745017424279,0.0002410528994874067,1.101256901210601e-05,95.43147208122201
SVP,32230;32227;32233;32234;32249,GLP,0.175280942871692,0.1749811562708077,-0.0002997866008842831,0.1749065155252843,0.1734406202278953,-0.0003744273464076908,-0.0015405360429124049,-311.4379085001474,0.1756884079251419,0.1748636888680125,0.0004074650534499069,-0.00011746740279519607,71.17117117145916
SVP,32230;32227;32233;32234;32249,Centre,0.161127344453583,0.1614308019108049,0.00030345745722187845,0.1804654156388289,0.1727443811425674,0.019338071185245886,0.011313579231762516,41.495823842068134,0.1663497494028744,0.1631218430635522,0.0052224049492913815,0.001691041152747319,67.61949390813187
SVP,32230;32227;32233;32234;32249,FDP,0.0368321488703555,0.0367978875445402,-3.426132581529906e-05,0.043098300638241,0.038988165159169,0.006266151767885503,0.0021902776146288036,65.04588947471493,0.0377608755237095,0.0366645130976157,0.0009287266533540006,-0.00013337444692449602,85.63899868246185
SVP,32230;32227;32233;32234;32249,SVP,0.0305635498649121,0.0306002584282857,3.670856337360112e-05,0.0388107404361957,0.0363855280159755,0.008247190571283602,0.005785269587689799,29.85163204747707,0.03318698852735,0.0315718117389088,0.0026234386624378984,0.0009715533106231002,62.966417910443575
