question_id,question_text,impact,base_jaccard_mean,base_spearman_mean,base_kendall_mean,composite_rank,voter_nan_pct,candidate_nan_pct,voter_var,candidate_var,combined_var,voter_avg_abs_corr,candidate_avg_abs_corr,base_Andere,cloned_Andere,delta_Andere,base_Centre,cloned_Centre,delta_Centre,base_EDU,cloned_EDU,delta_EDU,base_EVP,cloned_EVP,delta_EVP,base_FDP,cloned_FDP,delta_FDP,base_GLP,cloned_GLP,delta_GLP,base_Green,cloned_Green,delta_Green,base_Parteilos,cloned_Parteilos,delta_Parteilos,base_PdA,cloned_PdA,delta_PdA,base_SP,cloned_SP,delta_SP,base_SVP,cloned_SVP,delta_SVP,max_abs_delta,max_delta_party,max_positive_delta,max_positive_party,_category,rank_rec,rank_party,rank_bias
32214,"Do you support an increase in the retirement age (e.g., to 67)?",0.342681701218741,0.657318298781259,0.9518548363770024,0.8578522973519949,3.0,0.0088818474242642,0.0,1565.973622315987,1744.4002336899184,2731684.752720256,0.122974629214316,0.2643870078907533,0.0977936744176345,0.0974882775617528,-0.0003053968558816,0.1745269682760579,0.1751977744704126,0.0006708061943546,0.0312484996879374,0.0290287046372333,-0.0022197950507041,0.1090233435221313,0.1122746864681264,0.003251342945995,0.0432396605160585,0.0415306383727851,-0.0017090221432733,0.1619603544203661,0.1712169464581721,0.0092565920378059,0.1353834930998901,0.1345366502899171,-0.0008468428099729,0.0608419884669471,0.0599964792677014,-0.0008455091992457,0.007303519131979,0.0074768885261464,0.0001733693941673,0.1320314625442013,0.1247572828481617,-0.0072741796960396,0.0466470359168066,0.0464956710995919,-0.0001513648172146,0.0092565920378059,GLP,0.0092565920378059,GLP,Welfare state & family,1.0,11.0,-10.0
32215,Should the federal government allocate more funding for health insurance premium subsidies?,0.246682421099609,0.753317578900391,0.97472829842685,0.9126880364320848,99.66666666666669,0.0157712804263286,0.0,1256.2065388351623,1547.6497714149584,1944167.7626782155,0.2343834047313031,0.4903523312594711,0.0977936744176345,0.0970995300356037,-0.0006941443820308,0.1745269682760579,0.1728286150185823,-0.0016983532574755,0.0312484996879374,0.0315438944633843,0.0002953947754468,0.1090233435221313,0.1065581640981474,-0.0024651794239839,0.0432396605160585,0.045074042067421,0.0018343815513625,0.1619603544203661,0.1695065907041789,0.0075462362838127,0.1353834930998901,0.135400163233945,1.667013405498574e-05,0.0608419884669471,0.0592249854636565,-0.0016170030032906,0.007303519131979,0.0075015603245471,0.000198041192568,0.1320314625442013,0.1296956433604796,-0.0023358191837216,0.0466470359168066,0.0455668112300724,-0.0010802246867341,0.0075462362838127,GLP,0.0075462362838127,GLP,Welfare state & family,19.0,16.0,3.0
32216,"For married couples, the pension is currently limited to 150% of the maximum individual AHV pension (capping). Should this limit be eliminated?",0.1698431213108822,0.8301568786891178,0.9863582454300344,0.9432011941636634,228.0,0.3937298958183302,0.0,1170.6708104104057,1212.3420796890186,1419253.4849241802,0.0275532091754015,0.1004391224629097,0.0977936744176345,0.0968308074746435,-0.000962866942991,0.1745269682760579,0.1704294493254506,-0.0040975189506073,0.0312484996879374,0.0312725046809759,2.4004993038503203e-05,0.1090233435221313,0.1058786894340832,-0.003144654088048,0.0432396605160585,0.0432043198318629,-3.534068419556308e-05,0.1619603544203661,0.1665073001850846,0.0045469457647184,0.1353834930998901,0.1335684489040315,-0.0018150441958585,0.0608419884669471,0.0607513029376902,-9.068552925695084e-05,0.007303519131979,0.007274179696043,-2.9339435936013604e-05,0.1320314625442013,0.1372432132550132,0.0052117507108119,0.0466470359168066,0.047039784275132,0.0003927483583254,0.0052117507108119,SP,0.0052117507108119,SP,Welfare state & family,48.0,26.0,22.0
32217,"As part of the reform of the BVG (occupational pension plan), pensions are to be reduced (lowering the minimum conversion rate from 6.8% to 6%). Are you in favor of this measure?",0.1957070434872906,0.8042929565127094,0.97816069110131,0.9240619581969668,148.0,0.3823755341110951,0.0,1246.798820961001,1933.303129478584,2410440.0623941123,0.1350197090293375,0.280948474316201,0.0977936744176345,0.1038429326633461,0.0060492582457115,0.1745269682760579,0.1682283248248893,-0.0062986434511685,0.0312484996879374,0.0336196595558571,0.0023711598679196,0.1090233435221313,0.1033388278095322,-0.0056845157125991,0.0432396605160585,0.0406957980593336,-0.0025438624567248,0.1619603544203661,0.1550635865593208,-0.0068967678610453,0.1353834930998901,0.1422642576322413,0.0068807645323512,0.0608419884669471,0.05900360608341,-0.0018383823835371,0.007303519131979,0.007585577800182,0.0002820586682029,0.1320314625442013,0.13934498375661,0.0073135212124087,0.0466470359168066,0.0470124452552825,0.0003654093384758,0.0073135212124087,SP,0.0073135212124087,SP,Welfare state & family,37.0,17.0,20.0
32218,Should paid parental leave be increased beyond today's 14 weeks of maternity leave and two weeks of paternity leave? [BePart question],0.1284359093261309,0.8715640906738691,0.9876743127545632,0.953419754877437,253.0,0.3517451629939027,0.0,1527.4959316717218,1758.8616880882423,2686654.072928048,0.2489740172329077,0.5004202435401627,0.0977936744176345,0.0961786718304298,-0.0016150025872046,0.1745269682760579,0.1743122569494357,-0.0002147113266222,0.0312484996879374,0.0312098249769307,-3.867471100665876e-05,0.1090233435221313,0.1093180714922156,0.0002947279700843,0.0432396605160585,0.0446346173337435,0.0013949568176849,0.1619603544203661,0.1608041139223438,-0.0011562404980223,0.1353834930998901,0.1350307530632961,-0.0003527400365939,0.0608419884669471,0.0619322152341153,0.0010902267671681,0.007303519131979,0.0072855153872001,-1.800374477891123e-05,0.1320314625442013,0.1315393601869117,-0.0004921023572895,0.0466470359168066,0.0477545996233911,0.0011075637065844,0.0013949568176849,FDP,0.0013949568176849,FDP,Welfare state & family,52.0,65.0,-13.0
32219,Should the federal government provide more financial support for public housing construction? [BePart question],0.2296414396457252,0.7703585603542747,0.9710336741249124,0.902553929399979,94.66666666666669,0.0209563589226559,0.0,1274.744409927082,1743.804664723032,2222905.248360454,0.2828003658153591,0.483446198236507,0.0977936744176345,0.0975282858834861,-0.0002653885341483,0.1745269682760579,0.1691518502515103,-0.0053751180245476,0.0312484996879374,0.030709054149932,-0.0005394455380053,0.1090233435221313,0.1132735609006785,0.0042502173785471,0.0432396605160585,0.0426261995828508,-0.0006134609332077,0.1619603544203661,0.1578868404627997,-0.0040735139575664,0.1353834930998901,0.1378593414096696,0.0024758483097795,0.0608419884669471,0.0614087730248019,0.0005667845578548,0.007303519131979,0.0074808893583194,0.0001773702263403,0.1320314625442013,0.1355962040104261,0.0035647414662248,0.0466470359168066,0.0464790009655368,-0.0001680349512698,0.0053751180245476,Centre,0.0035647414662248,SP,Welfare state & family,23.0,25.0,-2.0
32220,Should compulsory vaccination of children be introduced based on the Swiss vaccination plan?,0.2405052869837785,0.7594947130162215,0.9820245069476978,0.9280236019940352,139.66666666666666,0.3589466609054683,0.0,1573.5968181804417,1336.0632607684536,2102424.896033024,0.1011581771986447,0.2610016593976874,0.0977936744176345,0.0956945711374867,-0.0020991032801478,0.1745269682760579,0.1688844613012751,-0.0056425069747827,0.0312484996879374,0.030140935981353,-0.0011075637065844,0.1090233435221313,0.1145531603907037,0.0055298168685723,0.0432396605160585,0.0413159270461632,-0.0019237334698952,0.1619603544203661,0.1537013032043843,-0.0082590512159818,0.1353834930998901,0.1347947039650837,-0.0005887891348063,0.0608419884669471,0.0629831004849148,0.0021411120179676,0.007303519131979,0.0073935378558736,9.001872389456655e-05,0.1320314625442013,0.1437112252681759,0.0116797627239745,0.0466470359168066,0.0468270733645959,0.0001800374477892,0.0116797627239745,SP,0.0116797627239745,SP,Health,22.0,7.0,15.0
32221,Are you in favor of the introduction of a tax on foods containing sugar (sugar tax)?,0.2154031013580142,0.7845968986419858,0.9805969650702546,0.9237556102143546,133.0,0.3589946708915454,0.0,1529.2874176998032,1639.4524735964424,2507194.0397878583,0.1748120735096573,0.319237197822898,0.0977936744176345,0.0959953003558299,-0.0017983740618046,0.1745269682760579,0.1721284693882902,-0.0023984988877677,0.0312484996879374,0.0309611065768369,-0.0002873931111004,0.1090233435221313,0.1123373661721754,0.0033140226500441,0.0432396605160585,0.0416413280629081,-0.0015983324531503,0.1619603544203661,0.1621463931164151,0.0001860386960489,0.1353834930998901,0.1391502765908542,0.0037667834909641,0.0608419884669471,0.0611800587855739,0.0003380703186267,0.007303519131979,0.0073795349432678,7.601581128874324e-05,0.1320314625442013,0.1314066659198367,-0.0006247966243646,0.0466470359168066,0.0456735000880209,-0.0009735358287856,0.0037667834909641,Green,0.0037667834909641,Green,Health,27.0,37.0,-10.0
32222,"Should insured persons contribute more to health care costs (e.g., increase the minimum deductible)?",0.3071739581523235,0.6928260418476765,0.9668737496584798,0.8888198841898008,43.0,0.0269816121753324,0.0,1354.0232536577407,1469.619601592722,1989899.1145877696,0.1520781579837219,0.368609842169259,0.0977936744176345,0.0957952587471746,-0.0019984156704599,0.1745269682760579,0.171835075028928,-0.0026918932471298,0.0312484996879374,0.0310204522540713,-0.000228047433866,0.1090233435221313,0.1082805223486607,-0.0007428211734705,0.0432396605160585,0.0440478286150229,0.0008081680989644,0.1619603544203661,0.1747236758578895,0.0127633214375234,0.1353834930998901,0.1334550919924615,-0.0019284011074285,0.0608419884669471,0.0576319874534028,-0.0032100010135443,0.007303519131979,0.0070314625442088,-0.0002720565877702,0.1320314625442013,0.1291968729495679,-0.0028345895946333,0.0466470359168066,0.0469817722086224,0.0003347362918158,0.0127633214375234,GLP,0.0127633214375234,GLP,Health,3.0,4.0,-1.0
32223,Should the Federal Council's ability to restrict private and economic life in the event of a pandemic be more limited?,0.2560961658354573,0.7439038341645426,0.9706306284053275,0.9068317012538694,83.0,0.0234288732056267,0.0,1210.1253083109048,1562.2494828948809,1890517.637146719,0.1537057342573814,0.4277709941855809,0.0977936744176345,0.0957685865326868,-0.0020250878849476,0.1745269682760579,0.1802834989677719,0.0057565306917139,0.0312484996879374,0.0302722966377031,-0.0009762030502342,0.1090233435221313,0.1094714367255179,0.0004480932033865,0.0432396605160585,0.0400476632472929,-0.0031919972687655,0.1619603544203661,0.1614669184523542,-0.0004934359680119,0.1353834930998901,0.1357662393777796,0.0003827462778895,0.0608419884669471,0.0616408212908418,0.0007988328238946,0.007303519131979,0.0078749713273689,0.0005714521953898,0.1320314625442013,0.1332477155248216,0.0012162529806203,0.0466470359168066,0.0441598519158681,-0.0024871840009385,0.0057565306917139,Centre,0.0057565306917139,Centre,Health,16.0,23.0,-7.0
32224,Should the federal government be given the authority to determine the hospital offering (national hospital planning with regard to locations and range of services)?,0.1887607299507957,0.8112392700492043,0.9877761547293564,0.9427409881300914,223.0,0.412117720485861,0.0,1142.1031177388318,1434.5342083470412,1638385.991856163,0.1194798936436926,0.3327828457484249,0.0977936744176345,0.0960206389595923,-0.0017730354580421,0.1745269682760579,0.1688697915833077,-0.0056571766927502,0.0312484996879374,0.0311864867892545,-6.20128986829234e-05,0.1090233435221313,0.1124747280767837,0.0034513845546524,0.0432396605160585,0.0404010700892494,-0.002838590426809,0.1619603544203661,0.1655197614436936,0.0035594070233274,0.1353834930998901,0.1363023508889756,0.0009188577890855,0.0608419884669471,0.0621369244803054,0.0012949360133583,0.007303519131979,0.0075062279620824,0.0002027088301033,0.1320314625442013,0.133511770448245,0.0014803079040437,0.0466470359168066,0.0460702492785192,-0.0005767866382874,0.0056571766927502,Centre,0.0035594070233274,GLP,Health,39.0,24.0,15.0
32225,"According to the Swiss integrated schooling concept, children with learning difficulties or disabilities should be taught in regular classes. Do you approve of this concept?",0.1995680266475207,0.8004319733524793,0.9876862694569244,0.941988699698703,208.0,0.3693408228911614,0.0,1351.8066330750146,1413.2331643051884,1910417.9655893457,0.1723938393945667,0.3834289859468249,0.0977936744176345,0.0972855687316517,-0.0005081056859827,0.1745269682760579,0.1763193410896031,0.0017923728135451,0.0312484996879374,0.0309664410197343,-0.000282058668203,0.1090233435221313,0.1099515365862879,0.0009281930641566,0.0432396605160585,0.0428689167346854,-0.000370743781373,0.1619603544203661,0.1630479139660851,0.0010875595457189,0.1353834930998901,0.1350540912509726,-0.0003294018489174,0.0608419884669471,0.061008689807493,0.0001667013405458,0.007303519131979,0.0070307957388466,-0.0002727233931324,0.1320314625442013,0.129193538922757,-0.0028379236214442,0.0466470359168066,0.0472731661518956,0.000626130235089,0.0028379236214442,SP,0.0017923728135451,Centre,Education,32.0,48.0,-16.0
32226,Should the federal government raise the requirements for the gymnasiale matura?,0.2125519392396612,0.7874480607603388,0.9865818027185542,0.939329899251845,188.0,0.3836718037351769,0.0,1386.8676432740406,1465.2213720396444,2032068.1111153776,0.1121856903091526,0.3658884000750623,0.0977936744176345,0.0954865278644845,-0.0023071465531499,0.1745269682760579,0.1754945028565837,0.0009675345805257,0.0312484996879374,0.0310004480932056,-0.0002480515947317,0.1090233435221313,0.1129801665413178,0.0039568230191864,0.0432396605160585,0.0431056326382598,-0.0001340278777986,0.1619603544203661,0.1605780669045644,-0.0013822875158016,0.1353834930998901,0.1352848059062868,-9.86871936032585e-05,0.0608419884669471,0.0607546369645016,-8.735150244552209e-05,0.007303519131979,0.0078002891268046,0.0004967699948255,0.1320314625442013,0.1302437573681926,-0.0017877051760087,0.0466470359168066,0.0472711657358091,0.0006241298190025,0.0017877051760087,SP,0.0009675345805257,Centre,Education,28.0,59.0,-31.0
32227,"Should the state be more committed to equal educational opportunities (e.g., through subsidized remedial courses for students from low-income families)?",0.170082217265605,0.829917782734395,0.98532765748402,0.9405067106018722,216.33333333333331,0.0124585913870084,0.0,901.007634247124,1083.0953420834703,975877.171834707,0.2420135770408149,0.4135867596034268,0.0977936744176345,0.0973342455230908,-0.0004594288945437,0.1745269682760579,0.1732026928267639,-0.001324275449294,0.0312484996879374,0.0315819023690285,0.000333402681091,0.1090233435221313,0.1076650609993676,-0.0013582825227636,0.0432396605160585,0.041680669579277,-0.0015589909367814,0.1619603544203661,0.1634833378675919,0.0015229834472257,0.1353834930998901,0.1357789086796637,0.0003954155797736,0.0608419884669471,0.0592903323891502,-0.0015516560777968,0.007303519131979,0.0073668656413863,6.334650940728256e-05,0.1320314625442013,0.1325469030891687,0.0005154405449673,0.0466470359168066,0.0500690810355251,0.0034220451187185,0.0034220451187185,SVP,0.0034220451187185,SVP,Education,47.0,41.0,6.0
32228,"Should the conditions for naturalization be relaxed (e.g., shorter residence period)?",0.2767905629302361,0.7232094370697639,0.9566452731489786,0.8796150876282133,31.33333333333333,0.0229007633587786,0.0,1615.0417084387864,1965.513484437688,3174386.2558657154,0.2729880450820805,0.4770661149142134,0.0977936744176345,0.0853324158091756,-0.0124612586084589,0.1745269682760579,0.1904449458820642,0.0159179776060063,0.0312484996879374,0.0328314956177577,0.0015829959298202,0.1090233435221313,0.1201649943188257,0.0111416507966943,0.0432396605160585,0.0440564970847318,0.0008168365686733,0.1619603544203661,0.1504146195741879,-0.0115457348461781,0.1353834930998901,0.1289568230191844,-0.0064266700807056,0.0608419884669471,0.0674440283579141,0.0066020398909669,0.007303519131979,0.0064326713289694,-0.0008708478030096,0.1320314625442013,0.1253747446135415,-0.0066567179306598,0.0466470359168066,0.0485467643936632,0.0018997284768566,0.0159179776060063,Centre,0.0159179776060063,Centre,Immigration & integration,11.0,2.0,9.0
32229,Should more qualified workers from non-EU/EFTA countries be allowed to work in Switzerland (increase third-country quota)?,0.175514707067626,0.8244852929323739,0.989539740918704,0.9489991771290665,246.33333333333331,0.3760142109558788,0.0,1309.2281061202489,1324.9400649642846,1734648.7719760295,0.1791509159657205,0.3106173223173908,0.0977936744176345,0.0964727329951525,-0.0013209414224819,0.1745269682760579,0.1796720384506531,0.0051450701745951,0.0312484996879374,0.0323513957569866,0.0011028960690491,0.1090233435221313,0.1087326163842199,-0.0002907271379113,0.0432396605160585,0.0426848784547229,-0.0005547820613355,0.1619603544203661,0.1581789012114344,-0.0037814532089316,0.1353834930998901,0.1323902038290566,-0.0029932892708334,0.0608419884669471,0.0602065229567874,-0.0006354655101596,0.007303519131979,0.0071808269453376,-0.0001226921866414,0.1320314625442013,0.1353708237980071,0.0033393612538058,0.0466470359168066,0.0467590592176534,0.0001120233008467,0.0051450701745951,Centre,0.0051450701745951,Centre,Immigration & integration,45.0,27.0,18.0
32230,Do you support efforts to house asylum seekers in centers outside Europe during the asylum procedure?,0.2433413436766831,0.7566586563233169,0.9727224274062672,0.91635822533988,101.33333333333331,0.0561476787171731,0.0,1561.306664343892,1652.3103821851143,2579763.211270222,0.2559540573963688,0.4818979665346819,0.0977936744176345,0.1005815876369166,0.0027879132192821,0.1745269682760579,0.167214780674372,-0.0073121876016859,0.0312484996879374,0.0354453726375114,0.0041968729495739,0.1090233435221313,0.1036568939672941,-0.0053664495548371,0.0432396605160585,0.050140429209281,0.0069007686932225,0.1619603544203661,0.1590437477661871,-0.002916606654179,0.1353834930998901,0.1330343378089245,-0.0023491552909655,0.0608419884669471,0.059899125684822,-0.0009428627821251,0.007303519131979,0.0069227732701731,-0.0003807458618059,0.1320314625442013,0.1324262113186136,0.0003947487744122,0.0466470359168066,0.0516347400259292,0.0049877041091225,0.0073121876016859,Centre,0.0069007686932225,FDP,Immigration & integration,20.0,18.0,2.0
32231,Should foreign nationals who have lived in Switzerland for at least ten years be granted the right to vote and stand for election at the municipal level?,0.2554173775248308,0.7445826224751692,0.9581421836851184,0.8847713589165461,46.333333333333336,0.0118824715540832,0.0,1700.4910225807082,2005.5123216601817,3410355.6986581325,0.2548278936391243,0.4713408642942705,0.0977936744176345,0.0937094915742687,-0.0040841828433658,0.1745269682760579,0.1788552018819761,0.0043282336059181,0.0312484996879374,0.0296555016776843,-0.001592998010253,0.1090233435221313,0.1119006086599451,0.0028772651378138,0.0432396605160585,0.0417833576050532,-0.0014563029110052,0.1619603544203661,0.1666379940360732,0.0046776396157071,0.1353834930998901,0.1336704701244447,-0.0017130229754453,0.0608419884669471,0.0592783298926307,-0.0015636585743164,0.007303519131979,0.0074475490902103,0.0001440299582313,0.1320314625442013,0.1309885789577505,-0.0010428835864507,0.0466470359168066,0.0460729164999682,-0.0005741194168383,0.0046776396157071,GLP,0.0046776396157071,GLP,Immigration & integration,17.0,30.0,-13.0
32232,Should cannabis use be legalized? [BePart question],0.2945106806194356,0.7054893193805644,0.961936094317088,0.886232409125298,34.666666666666664,0.0229007633587786,0.0,1430.7669514010604,1479.316504255955,2116557.164951566,0.1447478570606825,0.2554900227000283,0.0977936744176345,0.0953271613829223,-0.0024665130347121,0.1745269682760579,0.173562767722342,-0.0009642005537159,0.0312484996879374,0.0310164514218984,-0.000232048266039,0.1090233435221313,0.1174137553944658,0.0083904118723345,0.0432396605160585,0.0409265127146492,-0.0023131478014092,0.1619603544203661,0.1604046975103939,-0.0015556569099722,0.1353834930998901,0.1334410890798547,-0.0019424040200353,0.0608419884669471,0.0623162951227331,0.0014743066557859,0.007303519131979,0.0074262113186205,0.0001226921866414,0.1320314625442013,0.1298763476136288,-0.0021551149305724,0.0466470359168066,0.0482887107184989,0.0016416748016923,0.0023131478014092,FDP,0.0016416748016923,SVP,Society & ethics,6.0,51.0,-45.0
32233,Would you be in favour of doctors being allowed to administer direct active euthanasia in Switzerland?,0.1999069499318333,0.8000930500681667,0.981295354713278,0.9284617609919364,149.66666666666666,0.3714292572855154,0.0,1002.0406308790988,1549.756714803765,1552919.1962110838,0.0934468293717693,0.1508362950153833,0.0977936744176345,0.1008783160230873,0.0030846416054527,0.1745269682760579,0.1770821664239389,0.0025551981478809,0.0312484996879374,0.0266335397762749,-0.0046149599116624,0.1090233435221313,0.0973362459391714,-0.0116870975829598,0.0432396605160585,0.0447526418828498,0.0015129813667913,0.1619603544203661,0.1739008380409544,0.0119404836205882,0.1353834930998901,0.1378680098793782,0.0024845167794881,0.0608419884669471,0.0505145070174674,-0.0103274814494796,0.007303519131979,0.0075369010087427,0.0002333818767636,0.1320314625442013,0.1345319826523829,0.0025005201081815,0.0466470359168066,0.0489648513557514,0.0023178154389447,0.0119404836205882,GLP,0.0119404836205882,GLP,Society & ethics,31.0,6.0,25.0
32234,"Should a third official gender be introduced alongside ""female"" and ""male""?",0.2750371392060663,0.7249628607939337,0.9518900968522994,0.8723196289129169,26.33333333333333,0.0345911949685534,0.0,1859.966787424097,1938.8085973689083,3606119.598278469,0.2757488017852469,0.4662762575819105,0.0977936744176345,0.0942115960119941,-0.0035820784056403,0.1745269682760579,0.1721698113207453,-0.0023571569553126,0.0312484996879374,0.0336316620523761,0.0023831623644386,0.1090233435221313,0.1168376355615382,0.0078142920394068,0.0432396605160585,0.0430022778071217,-0.0002373827089367,0.1619603544203661,0.1572273699595975,-0.0047329844607686,0.1353834930998901,0.1305751596331946,-0.0048083334666954,0.0608419884669471,0.0661090840228195,0.0052670955558723,0.007303519131979,0.0070994766911513,-0.0002040424408277,0.1320314625442013,0.1304477998090207,-0.0015836627351806,0.0466470359168066,0.048688127130446,0.0020410912136393,0.0048083334666954,Green,0.0020410912136393,SVP,Society & ethics,12.0,28.0,-16.0
32235,Do you think it's right for same-sex couples to have the same rights as heterosexual couples in all areas?,0.1059190556047859,0.894080944395214,0.9893021211466168,0.9578102692206868,289.6666666666667,0.3546497671515675,0.0,830.9050597564568,1263.605914850654,1049936.5481875949,0.200730237224969,0.3077903749723641,0.0977936744176345,0.0973035724764308,-0.0004901019412037,0.1745269682760579,0.1768307808023959,0.002303812526338,0.0312484996879374,0.0303569809187001,-0.0008915187692372,0.1090233435221313,0.1054959431561906,-0.0035274003659406,0.0432396605160585,0.0429889416998782,-0.0002507188161802,0.1619603544203661,0.1662879212209264,0.0043275668005603,0.1353834930998901,0.1374152490384567,0.0020317559385666,0.0608419884669471,0.0552641616122928,-0.0055778268546543,0.007303519131979,0.0074355465936911,0.000132027461712,0.1320314625442013,0.133828502995281,0.0017970404510797,0.0466470359168066,0.0467923994857623,0.0001453635689557,0.0043275668005603,GLP,0.0043275668005603,GLP,Society & ethics,65.0,33.0,32.0
32236,Do you support tax cuts at the federal level over the next four years?,0.2887522557686872,0.7112477442313128,0.9668229216007576,0.8989579323713273,58.0,0.0656296509674012,0.0,1448.660909901867,1674.251899203261,2425423.279704725,0.1756383083338371,0.4855073694114555,0.0977936744176345,0.1027173652119816,0.004923690794347,0.1745269682760579,0.1843356751537546,0.0098087068776966,0.0312484996879374,0.0319213062983793,0.0006728066104418,0.1090233435221313,0.1045384106560996,-0.0044849328660316,0.0432396605160585,0.0430549554307347,-0.0001847050853237,0.1619603544203661,0.1665679794730482,0.004607625052682,0.1353834930998901,0.1313853281482483,-0.0039981649516417,0.0608419884669471,0.0596557417276271,-0.00118624673932,0.007303519131979,0.0066860573665986,-0.0006174617653804,0.1320314625442013,0.1228215468817484,-0.0092099156624528,0.0466470359168066,0.0463156336518026,-0.0003314022650039,0.0098087068776966,Centre,0.0098087068776966,Centre,Finances & taxes,8.0,10.0,-2.0
32237,Should married couples be taxed separately (individual taxation)? [BePart question],0.156379128107834,0.843620871892166,0.9825844638434756,0.939733057832883,211.33333333333331,0.3799510298142013,0.0,837.4895033158833,1397.7093755790256,1170566.9307336316,0.0786325632259272,0.1442101543584368,0.0977936744176345,0.0980723990590267,0.0002787246413922,0.1745269682760579,0.167690212897609,-0.0068367553784489,0.0312484996879374,0.0291207237772143,-0.002127775910723,0.1090233435221313,0.1045557475955136,-0.0044675959266176,0.0432396605160585,0.0452114039720309,0.0019717434559723,0.1619603544203661,0.1704601223720966,0.0084997679517304,0.1353834930998901,0.1380000373410902,0.0026165442412001,0.0608419884669471,0.0582221101989332,-0.0026198782680139,0.007303519131979,0.007658926390022,0.0003554072580429,0.1320314625442013,0.1335211057233157,0.0014896431791143,0.0466470359168066,0.0474872106731562,0.0008401747563495,0.0084997679517304,GLP,0.0084997679517304,GLP,Finances & taxes,49.0,14.0,35.0
32238,Would you support the introduction of a national inheritance tax on all inheritances over one million Swiss francs? [BePart question],0.2772062947476615,0.7227937052523384,0.9595404731515064,0.8854848039064495,38.0,0.0407604781794613,0.0,1642.938569325225,1903.833100777832,3127880.8308259384,0.2395205466468765,0.4794177384715274,0.0977936744176345,0.094765711267966,-0.0030279631496685,0.1745269682760579,0.1767407620785009,0.0022137938024429,0.0312484996879374,0.0305450200308355,-0.0007034796571018,0.1090233435221313,0.1112304692709528,0.0022071257488215,0.0432396605160585,0.0413852748038298,-0.0018543857122286,0.1619603544203661,0.1683450157632595,0.0063846613428934,0.1353834930998901,0.1331310245864367,-0.0022524685134533,0.0608419884669471,0.0602225262854814,-0.0006194621814657,0.007303519131979,0.0070007894975484,-0.0003027296344306,0.1320314625442013,0.1308512170531409,-0.0011802454910604,0.0466470359168066,0.0457821893620572,-0.0008648465547493,0.0063846613428934,GLP,0.0063846613428934,GLP,Finances & taxes,10.0,22.0,-12.0
32239,Should the differences between cantons with high and low financial capacity be further reduced through fiscal equalization?,0.171583457184837,0.828416542815163,0.9886533853545298,0.947850758611726,239.66666666666663,0.4028998031590571,0.0,1271.5199398115703,1646.6146630970345,2093703.37731399,0.1747068221498381,0.4492454986458969,0.0977936744176345,0.0975069481118965,-0.000286726305738,0.1745269682760579,0.1827373427006023,0.0082103744245444,0.0312484996879374,0.0312658366273542,1.7336939416783687e-05,0.1090233435221313,0.1063774598449955,-0.0026458836771358,0.0432396605160585,0.0431649783154938,-7.468220056466163e-05,0.1619603544203661,0.1665366396210192,0.0045762852006531,0.1353834930998901,0.1316627191789166,-0.0037207739209734,0.0608419884669471,0.0589535956812468,-0.0018883927857003,0.007303519131979,0.0070287953227601,-0.0002747238092189,0.1320314625442013,0.1281519889470293,-0.003879473597172,0.0466470359168066,0.0466136956486975,-3.334026810912494e-05,0.0082103744245444,Centre,0.0082103744245444,Centre,Finances & taxes,46.0,15.0,31.0
32240,"Are you in favor of introducing a minimum wage of CHF 4,000 for all full-time employees?",0.27389520150788,0.72610479849212,0.951932120921946,0.8702198570649112,28.0,0.0139469009553987,0.0,1459.807024239287,2027.924149092656,2960377.917469938,0.2494679049665466,0.4433462157992091,0.0977936744176345,0.0977496652637307,-4.400915390377624e-05,0.1745269682760579,0.1730633305060694,-0.0014636377699885,0.0312484996879374,0.0309484372749554,-0.0003000624129819,0.1090233435221313,0.1109624135153543,0.001939069993223,0.0432396605160585,0.0402730434597097,-0.0029666170563487,0.1619603544203661,0.1532092008470937,-0.0087511535732724,0.1353834930998901,0.1413934098292334,0.0060099167293433,0.0608419884669471,0.0593716826433361,-0.001470305823611,0.007303519131979,0.0078216268983944,0.0005181077664153,0.1320314625442013,0.1405192279994149,0.0084877654552136,0.0466470359168066,0.0446879617627169,-0.0019590741540896,0.0087511535732724,GLP,0.0084877654552136,SP,Economy & labour,13.0,12.0,1.0
32241,"Do you support stricter regulations for the financial sector (e.g., stricter capital requirements for banks, ban on bonuses)?",0.1787882246436243,0.8212117753563757,0.981569252318822,0.9338441601988142,181.33333333333331,0.0444092371213212,0.0,985.5901251718552,1304.517012474806,1285719.085613859,0.2101969604819286,0.4415936260154229,0.0977936744176345,0.0968128037298652,-0.0009808706877693,0.1745269682760579,0.1720004427587506,-0.0025265255173073,0.0312484996879374,0.0323073866030825,0.001058886915145,0.1090233435221313,0.1076123833757562,-0.001410960146375,0.0432396605160585,0.0452420770186913,0.0020024165026328,0.1619603544203661,0.1650343271400269,0.0030739727196607,0.1353834930998901,0.1352367959202116,-0.0001466971796784,0.0608419884669471,0.059586393969959,-0.001255594496988,0.007303519131979,0.0072735128906809,-3.000624129818972e-05,0.1320314625442013,0.1321741588917093,0.0001426963475079,0.0466470359168066,0.0467197177012845,7.268178447793899e-05,0.0030739727196607,GLP,0.0030739727196607,GLP,Economy & labour,43.0,43.0,0.0
32242,Should private households be free to choose their electricity supplier (complete liberalization of the electricity market)?,0.2084202328270442,0.7915797671729558,0.981621211037768,0.929846163478402,156.33333333333334,0.3901531518555859,0.0,1444.7580629791703,1771.3119155388672,2559117.172025857,0.1222988723995982,0.3678917497554378,0.0977936744176345,0.094371629298915,-0.0034220451187194,0.1745269682760579,0.174150890051789,-0.0003760782242689,0.0312484996879374,0.0311264743066581,-0.0001220253812792,0.1090233435221313,0.1107763748193061,0.0017530312971748,0.0432396605160585,0.0436657491424927,0.0004260886264342,0.1619603544203661,0.1744489520486692,0.0124885976283031,0.1353834930998901,0.1351734494108017,-0.0002100436890883,0.0608419884669471,0.0610100234182177,0.0001680349512705,0.007303519131979,0.0068187516336728,-0.0004847674983062,0.1320314625442013,0.1218153375902174,-0.0102161249539839,0.0466470359168066,0.0466423682792714,-4.66763753519811e-06,0.0124885976283031,GLP,0.0124885976283031,GLP,Economy & labour,29.0,5.0,24.0
32243,"Should housing construction regulations be relaxed (e.g., noise protection, occupancy rates)?",0.2025440177725523,0.7974559822274476,0.9847330405028832,0.9353078241944188,174.66666666666666,0.3807431945844736,0.0,1414.2647760010948,1522.0485776300516,2152579.69070475,0.1338871081919098,0.3760450816695857,0.0977936744176345,0.0975569585140595,-0.0002367159035749,0.1745269682760579,0.1719497655512253,-0.0025772027248326,0.0312484996879374,0.0317846111991319,0.0005361115111945,0.1090233435221313,0.1103342828641804,0.0013109393420491,0.0432396605160585,0.0424334928331804,-0.000806167682878,0.1619603544203661,0.1585609806839636,-0.0033993737364025,0.1353834930998901,0.1375899520433467,0.0022064589434566,0.0608419884669471,0.0611273811619616,0.0002853926950144,0.007303519131979,0.0076875990205958,0.0003840798886167,0.1320314625442013,0.1356368791375178,0.0036054165933165,0.0466470359168066,0.0453380969908433,-0.0013089389259632,0.0036054165933165,SP,0.0036054165933165,SP,Economy & labour,30.0,40.0,-10.0
32244,Are you in favor of stricter controls on equal pay for women and men?,0.2212663817110783,0.7787336182889216,0.9731097198895058,0.913071721461427,111.33333333333331,0.0155072255029046,0.0,1353.431993962921,1676.8858738603835,2269550.991907114,0.2594194544658877,0.4885335413715992,0.0977936744176345,0.0947390390534792,-0.0030546353641553,0.1745269682760579,0.1733440555635494,-0.0011829127125085,0.0312484996879374,0.030667712217477,-0.0005807874704604,0.1090233435221313,0.1096588090322899,0.0006354655101586,0.0432396605160585,0.0454681240364714,0.0022284635204129,0.1619603544203661,0.1642681677788758,0.0023078133585096,0.1353834930998901,0.1360923071998892,0.0007088140999991,0.0608419884669471,0.0587048772811533,-0.0021371111857938,0.007303519131979,0.0074808893583195,0.0001773702263404,0.1320314625442013,0.1325555715588771,0.0005241090146757,0.0466470359168066,0.047020446919629,0.0003734110028224,0.0023078133585096,GLP,0.0023078133585096,GLP,Economy & labour,26.0,52.0,-26.0
32245,Should busy sections of highways be widened?,0.2796343150843221,0.7203656849156779,0.9623151946442512,0.889448947752745,48.0,0.0278457919247203,0.0,1577.0235503318395,1753.64218783678,2765535.0290740537,0.2464264813829277,0.5016657434541012,0.0977936744176345,0.0967861315153772,-0.0010075429022572,0.1745269682760579,0.1931121673307917,0.0185851990547337,0.0312484996879374,0.0316792559519072,0.0004307562639697,0.1090233435221313,0.1070649361734064,-0.0019584073487249,0.0432396605160585,0.043713092323208,0.0004734318071495,0.1619603544203661,0.1576234523447379,-0.0043369020756282,0.1353834930998901,0.1275451960674421,-0.0078382970324479,0.0608419884669471,0.0613494273475689,0.0005074388806217,0.007303519131979,0.0079956630979238,0.0006921439659448,0.1320314625442013,0.1263969572337634,-0.0056345053104378,0.0466470359168066,0.0467337206138904,8.668469708385251e-05,0.0185851990547337,Centre,0.0185851990547337,Centre,Energy & transport,9.0,1.0,8.0
32246,Should Switzerland ban the registration of new passenger cars with internal combustion engines starting in 2035?,0.2631490868235068,0.7368509131764932,0.9623118495757308,0.8920546820178228,59.66666666666666,0.0250612127322483,0.0,1668.1393204158094,1893.0797722090504,3157920.804705721,0.2692127676300158,0.5074431450103674,0.0977936744176345,0.0960633145027714,-0.0017303599148631,0.1745269682760579,0.1782450749755841,0.0037181066995261,0.0312484996879374,0.0323433940926402,0.0010948944047028,0.1090233435221313,0.11306351721159,0.0040401736894586,0.0432396605160585,0.0433643531187867,0.0001246926027282,0.1619603544203661,0.1618129904353236,-0.0001473639850425,0.1353834930998901,0.1313859949536092,-0.0039974981462808,0.0608419884669471,0.0599211302617741,-0.000920858205173,0.007303519131979,0.0071521543147636,-0.0001513648172153,0.1320314625442013,0.1292075418353635,-0.0028239207088378,0.0466470359168066,0.0474405342978031,0.0007934983809965,0.0039974981462808,Green,0.0037181066995261,Centre,Energy & transport,15.0,35.0,-20.0
32247,"To achieve climate targets, should incentives and target agreements be relied on exclusively, rather than bans and restrictions?",0.178026003957867,0.821973996042133,0.9853687902419374,0.9392930456287866,206.33333333333331,0.3641797493878727,0.0,1516.8133644032723,1692.5195592411508,2567236.2869709134,0.2409797149093823,0.4779874326086766,0.0977936744176345,0.0966187633694698,-0.0011749110481647,0.1745269682760579,0.1739635177450148,-0.0005634505310431,0.0312484996879374,0.0312078245608443,-4.067512709311077e-05,0.1090233435221313,0.1124100479566518,0.0033867044345204,0.0432396605160585,0.0424701671281004,-0.000769493387958,0.1619603544203661,0.1605467270525408,-0.0014136273678253,0.1353834930998901,0.1341872442801363,-0.0011962488197538,0.0608419884669471,0.0622629506937576,0.0014209622268104,0.007303519131979,0.0072508415083666,-5.267762361239707e-05,0.1320314625442013,0.1326335877862512,0.0006021252420499,0.0466470359168066,0.0464483279188764,-0.0001987079979301,0.0014136273678253,GLP,0.0006021252420499,SP,Energy & transport,44.0,64.0,-20.0
32248,Do you think it's fair that environmental and landscape protection rules are being relaxed to allow for the development of renewable energy?,0.1874762172038615,0.8125237827961385,0.9858973364599712,0.9369717733406164,198.0,0.3702770176196649,0.0,1165.995294523041,1423.6118989007498,1659924.7753452852,0.075438189740106,0.1258451600756559,0.0977936744176345,0.0958686073370153,-0.0019250670806192,0.1745269682760579,0.172987981500142,-0.0015389867759158,0.0312484996879374,0.0307890707933939,-0.0004594288945435,0.1090233435221313,0.1104309696416969,0.0014076261195655,0.0432396605160585,0.0436864201087204,0.0004467595926619,0.1619603544203661,0.1627145112849944,0.0007541568646282,0.1353834930998901,0.1267797035116594,-0.0086037895882306,0.0608419884669471,0.0601558457492616,-0.0006861427176855,0.007303519131979,0.0075829105787333,0.0002793914467542,0.1320314625442013,0.1428230405257504,0.0107915779815491,0.0466470359168066,0.0461809389686415,-0.000466096948165,0.0107915779815491,SP,0.0107915779815491,SP,Energy & transport,40.0,8.0,32.0
32249,Should the construction of new nuclear power plants in Switzerland be allowed again?,0.2552698502490194,0.7447301497509806,0.9670009175740136,0.9083542018229962,84.66666666666667,0.0276537519804119,0.0,1664.383221974159,1867.322596075673,3107940.39892158,0.2230662084789791,0.5001907621150684,0.0977936744176345,0.0978883607790646,9.468636143013244e-05,0.1745269682760579,0.1740415339723905,-0.0004854343036674,0.0312484996879374,0.03171059580393,0.0004620961159925,0.1090233435221313,0.1093214055190265,0.0002980619968952,0.0432396605160585,0.0496669974021311,0.0064273368860726,0.1619603544203661,0.1570306623777582,-0.0049296920426078,0.1353834930998901,0.1320081243565262,-0.0033753687433638,0.0608419884669471,0.0627517190242371,0.0019097305572899,0.007303519131979,0.0079229813134459,0.0006194621814669,0.1320314625442013,0.1289814948175825,-0.0030499677266187,0.0466470359168066,0.0486761246339268,0.0020290887171202,0.0064273368860726,FDP,0.0064273368860726,FDP,Energy & transport,18.0,20.0,-2.0
32250,Should the state guarantee a comprehensive public service offering also in rural regions?,0.1143611068545532,0.8856388931454467,0.9947461646399623,0.9684531809304632,311.3333333333333,0.3766143357818426,0.0,877.5454013941502,885.8710243408091,777392.0436386022,0.1411416293190847,0.3137721801782689,0.0977936744176345,0.0970788590693754,-0.0007148153482591,0.1745269682760579,0.170500797499205,-0.0040261707768529,0.0312484996879374,0.0311484788836101,-0.0001000208043273,0.1090233435221313,0.1101682483289968,0.0011449048068655,0.0432396605160585,0.0438204479865192,0.0005807874704606,0.1619603544203661,0.1650076549255369,0.0030473005051708,0.1353834930998901,0.1351354415051581,-0.0002480515947319,0.0608419884669471,0.0620975829639365,0.0012555944969893,0.007303519131979,0.007314188017774,1.066888579490978e-05,0.1320314625442013,0.1311152719765637,-0.0009161905676375,0.0466470359168066,0.0466130288433354,-3.4007073471224725e-05,0.0040261707768529,Centre,0.0030473005051708,GLP,Energy & transport,60.0,34.0,26.0
32251,Would you be in favor of the introduction of increasing electricity tariffs when consumption is higher (progressive electricity tariffs)?,0.197441037578271,0.802558962421729,0.9865787616070718,0.9374035317150644,196.33333333333331,0.3813673244034759,0.0,1295.677017331857,1474.4526910263828,1910414.4649059945,0.1750943915676638,0.3280901508758492,0.0977936744176345,0.097229557081228,-0.0005641173364065,0.1745269682760579,0.1715450146963801,-0.0029819535796777,0.0312484996879374,0.0311218066691228,-0.0001266930188146,0.1090233435221313,0.1087639562362429,-0.0002593872858883,0.0432396605160585,0.0420767519644129,-0.0011629085516455,0.1619603544203661,0.1652717098489606,0.0033113554285945,0.1353834930998901,0.14006913437994,0.0046856412800499,0.0608419884669471,0.0607546369645014,-8.735150244575801e-05,0.007303519131979,0.0074522167277456,0.0001486975957665,0.1320314625442013,0.129387579283151,-0.0026438832610503,0.0466470359168066,0.0463276361483214,-0.0003193997684851,0.0046856412800499,Green,0.0046856412800499,Green,Energy & transport,36.0,29.0,7.0
32252,"Are you in favor of further relaxing the protection regulations for large predators (lynx, wolf, bear)?",0.2910452968202857,0.7089547031797143,0.9722984148760024,0.9023538127226762,68.0,0.0842095155792404,0.0,1193.2370287615088,1403.2987430658754,1674468.022640685,0.1495227599028755,0.3627628549836442,0.0977936744176345,0.0986251807042759,0.0008315062866414,0.1745269682760579,0.1762746651303368,0.0017476968542788,0.0312484996879374,0.0287286422242515,-0.0025198574636859,0.1090233435221313,0.1104203007559025,0.0013969572337712,0.0432396605160585,0.0422361184459749,-0.0010035420700836,0.1619603544203661,0.1611808589519755,-0.0007794954683906,0.1353834930998901,0.1352888067384598,-9.468636143025733e-05,0.0608419884669471,0.0583214641978979,-0.0025205242690492,0.007303519131979,0.0075589055856947,0.0002553864537156,0.1320314625442013,0.1356482148286773,0.003616752284476,0.0466470359168066,0.045716842436563,-0.0009301934802436,0.003616752284476,SP,0.003616752284476,SP,Nature conservation,7.0,39.0,-32.0
32253,Should direct payments only be granted to farmers with proof of ecological performance?,0.2414841676200518,0.7585158323799481,0.9766707435001328,0.9174043385423666,111.33333333333331,0.0577800182437947,0.0,1140.0232328049738,1509.533357534231,1720903.0982831204,0.2099776623711949,0.4849953780043599,0.0977936744176345,0.0979423720133993,0.0001486975957647,0.1745269682760579,0.1790392401619421,0.0045122718858841,0.0312484996879374,0.0310924672331869,-0.0001560324547504,0.1090233435221313,0.1109184043614515,0.0018950608393202,0.0432396605160585,0.0420827532126731,-0.0011569073033853,0.1619603544203661,0.1625858178500925,0.0006254634297263,0.1353834930998901,0.1333077280074159,-0.0020757650924741,0.0608419884669471,0.0607886440379733,-5.3344428973846336e-05,0.007303519131979,0.008227044558601,0.0009235254266219,0.1320314625442013,0.1287754519606679,-0.0032560105835333,0.0466470359168066,0.0452400766026029,-0.0014069593142036,0.0045122718858841,Centre,0.0045122718858841,Centre,Nature conservation,21.0,32.0,-11.0
32254,Are you in favour of stricter animal welfare regulations for livestock (e.g. permanent access to outdoor areas)?,0.122715405974261,0.877284594025739,0.9906957235392952,0.9567009446762332,276.3333333333333,0.3646118392625666,0.0,864.4349524865836,1474.0450098883352,1274216.0280859086,0.2146652719164336,0.4423614311978724,0.0977936744176345,0.0983584585594024,0.0005647841417679,0.1745269682760579,0.174462954961289,-6.401331476887928e-05,0.0312484996879374,0.029950896453131,-0.0012976032348064,0.1090233435221313,0.1090680194813975,4.467595926620216e-05,0.0432396605160585,0.0422161142851092,-0.0010235462309492,0.1619603544203661,0.1642334939000441,0.0022731394796779,0.1353834930998901,0.136643755234413,0.0012602621345229,0.0608419884669471,0.0603525533311051,-0.000489435135842,0.007303519131979,0.007266844837059,-3.667429492000378e-05,0.1320314625442013,0.1317213980507864,-0.0003100644934148,0.0466470359168066,0.0457255109062711,-0.0009215250105354,0.0022731394796779,GLP,0.0022731394796779,GLP,Nature conservation,56.0,53.0,3.0
32255,Should 30% of Switzerland's land area be dedicated to preserving biodiversity? [BePart question],0.1082191281837704,0.8917808718162296,0.9929765222806952,0.9641947337617836,298.0,0.3830956839022517,0.0,958.231425118342,1520.3469520103763,1456844.2264992308,0.2361000052385286,0.5059425383460089,0.0977936744176345,0.097897696054135,0.0001040216365004,0.1745269682760579,0.1765980657309936,0.0020710974549356,0.0312484996879374,0.030324307455953,-0.0009241922319843,0.1090233435221313,0.1102262603955074,0.001202916873376,0.0432396605160585,0.0432930049450332,5.334442897470676e-05,0.1619603544203661,0.1610128240007066,-0.0009475304196595,0.1353834930998901,0.1353708237980089,-1.2669301881151895e-05,0.0608419884669471,0.0617195043235788,0.0008775158566317,0.007303519131979,0.0073488618966074,4.534276462837567e-05,0.1320314625442013,0.1313193144173913,-0.00071214812681,0.0466470359168066,0.0448893369820949,-0.0017576989347117,0.0020710974549356,Centre,0.0020710974549356,Centre,Nature conservation,63.0,55.0,8.0
32256,Would you support a ban on single-use plastic and non-recyclable plastics? [BePart question],0.2265723374410555,0.7734276625589445,0.9766791625449652,0.9180926012231878,119.66666666666669,0.0153391905516347,0.0,1124.8582965571595,1465.3974430239025,1648364.471539084,0.2057911595373968,0.4648298840190766,0.0977936744176345,0.0942069283744576,-0.0035867460431769,0.1745269682760579,0.175285125972858,0.0007581576968001,0.0312484996879374,0.0308790895172886,-0.0003694101706487,0.1090233435221313,0.1090793551725553,5.601165042398715e-05,0.0432396605160585,0.0441565178890592,0.0009168573730007,0.1619603544203661,0.1635666885378634,0.0016063341174973,0.1353834930998901,0.1353761582409058,-7.334858984242576e-06,0.0608419884669471,0.0602805383519904,-0.0005614501149567,0.007303519131979,0.0073021855212547,-1.333610724361771e-06,0.1320314625442013,0.1328449650860634,0.0008135025418621,0.0466470359168066,0.0470224473357157,0.000375411418909,0.0016063341174973,GLP,0.0016063341174973,GLP,Nature conservation,24.0,60.0,-36.0
32257,"Are you in favour of government measures to make the use of electronic devices more sustainable (e.g., right to repair, extension of warranty period, minimum guaranteed period for software updates)? [BePart question]",0.0909520103717344,0.9090479896282656,0.9937218219164604,0.969777781752876,324.6666666666667,0.3641797493878727,0.0,833.1991436027106,1370.8166006814065,1142163.2177241268,0.212900154612484,0.4651239838401136,0.0977936744176345,0.0973769210662709,-0.0004167533513636,0.1745269682760579,0.173521425789888,-0.0010055424861699,0.0312484996879374,0.0312565013522836,8.00166434617236e-06,0.1090233435221313,0.1092713951168632,0.0002480515947319,0.0432396605160585,0.0430049450285697,-0.0002347154874887,0.1619603544203661,0.1631812750385211,0.001220920618155,0.1353834930998901,0.1358722614303689,0.0004887683304788,0.0608419884669471,0.0611100442225445,0.0002680557555973,0.007303519131979,0.0073355257893638,3.2006657384734544e-05,0.1320314625442013,0.1319841193634866,-4.734318071472621e-05,0.0466470359168066,0.0460855858018495,-0.0005614501149571,0.001220920618155,GLP,0.001220920618155,GLP,Nature conservation,69.0,69.0,0.0
32258,Should the Swiss mobile network be equipped throughout the country with the latest technology (currently 5G standard)?,0.1529201808383047,0.8470798191616953,0.9892808932753954,0.9503886354481458,253.0,0.3846079984636804,0.0,1079.313182525378,1151.448697878262,1242773.7586216896,0.0964575778307829,0.1146725118917313,0.0977936744176345,0.0956732333658955,-0.002120441051739,0.1745269682760579,0.1738608297192379,-0.0006661385568199,0.0312484996879374,0.0312771723185113,2.867263057390254e-05,0.1090233435221313,0.1090126746363364,-1.0668885794859471e-05,0.0432396605160585,0.0437024234374128,0.0004627629213543,0.1619603544203661,0.1614502483182977,-0.0005101061020684,0.1353834930998901,0.1369751574994164,0.0015916643995263,0.0608419884669471,0.0619788916094682,0.0011369031425211,0.007303519131979,0.0077369426173973,0.0004334234854182,0.1320314625442013,0.1322308373474935,0.0001993748032922,0.0466470359168066,0.046101589130542,-0.0005454467862646,0.0015916643995263,Green,0.0015916643995263,Green,"Democracy, Media & Digitalization",50.0,61.0,-11.0
32259,Should the federal government be given additional powers in the area of digitization of government services in order to be able to impose binding directives and standards on the cantons?,0.1165024656851301,0.8834975343148699,0.9931344054814484,0.9642000502922908,296.3333333333333,0.4109174708339335,0.0,867.2258116522797,1386.978499014948,1202823.554552499,0.1545058338871241,0.417508108602567,0.0977936744176345,0.0977156581902592,-7.801622737531322e-05,0.1745269682760579,0.175447159675869,0.000920191399811,0.0312484996879374,0.0305710254399602,-0.0006774742479771,0.1090233435221313,0.1101189047321957,0.0010955612100644,0.0432396605160585,0.0434717087820979,0.0002320482660393,0.1619603544203661,0.1605894025957212,-0.0013709518246449,0.1353834930998901,0.1341212305492801,-0.0012622625506099,0.0608419884669471,0.0608279855543414,-1.4002912605705352e-05,0.007303519131979,0.0075302329551209,0.0002267138231418,0.1320314625442013,0.1334824310123089,0.0014509684681076,0.0466470359168066,0.046124260512856,-0.0005227754039505,0.0014509684681076,SP,0.0014509684681076,SP,"Democracy, Media & Digitalization",59.0,63.0,-4.0
32260,"Are you in favor of stronger regulation of the major Internet platforms (i.e., transparency rules on algorithms, increased liability for content, combating disinformation)?",0.1984081590704215,0.8015918409295785,0.9793281489352164,0.9295311546433856,158.0,0.0332949253444716,0.0,924.8038457071912,1431.522094663324,1323877.138359456,0.193605450937385,0.460076662257903,0.0977936744176345,0.0882443548258284,-0.009549319591806,0.1745269682760579,0.1790605779335325,0.0045336096574745,0.0312484996879374,0.0312965096740145,4.80099860770862e-05,0.1090233435221313,0.1102422637242,0.0012189202020686,0.0432396605160585,0.0414446204810648,-0.0017950400349937,0.1619603544203661,0.166044537263733,0.0040841828433668,0.1353834930998901,0.13528013826875,-0.00010335483114,0.0608419884669471,0.062252948613324,0.0014109601463769,0.007303519131979,0.0073295245411041,2.600540912504976e-05,0.1320314625442013,0.1313066451155106,-0.0007248174286907,0.0466470359168066,0.0474978795589512,0.0008508436421445,0.0045336096574745,Centre,0.0045336096574745,Centre,"Democracy, Media & Digitalization",35.0,31.0,4.0
32261,"A popular initiative aims to reduce television and radio fees (CHF 200 per household, exemption for businesses). Do you support this initiative?",0.2987203073636042,0.7012796926363958,0.9554795527860352,0.8862404480062653,28.0,0.0400643333813433,0.0,1752.899212276625,1961.5063924402448,3438323.0101840687,0.1970360450474358,0.4714998604531842,0.0977936744176345,0.1073830023311673,0.0095893279135328,0.1745269682760579,0.1701987346701372,-0.0043282336059207,0.0312484996879374,0.0348752540528456,0.0036267543649081,0.1090233435221313,0.1138390118478056,0.0048156683256742,0.0432396605160585,0.046364977248606,0.0031253167325475,0.1619603544203661,0.1588490406004302,-0.0031113138199359,0.1353834930998901,0.1319861197795737,-0.0033973733203163,0.0608419884669471,0.0591663065917863,-0.0016756818751608,0.007303519131979,0.0076255861219127,0.0003220669899336,0.1320314625442013,0.1213599095278454,-0.0106715530163558,0.0466470359168066,0.0483520572279064,0.0017050213110998,0.0106715530163558,SP,0.0031253167325475,FDP,"Democracy, Media & Digitalization",5.0,9.0,-4.0
32262,Are you in favour of lowering the voting age to 16?,0.1986954550775911,0.8013045449224089,0.9780252158193616,0.9280171983750974,144.66666666666666,0.3575303663161938,0.0,1720.7550121618365,2041.7593107281828,3513367.567563617,0.2413878769728685,0.4810828525811751,0.0977936744176345,0.0951384554654254,-0.002655218952209,0.1745269682760579,0.1895941022399194,0.0150671339638615,0.0312484996879374,0.0328815060199215,0.001633006331984,0.1090233435221313,0.1138670176730175,0.0048436741508862,0.0432396605160585,0.0448419938013821,0.0016023332853236,0.1619603544203661,0.1486229135660089,-0.0133374408543572,0.1353834930998901,0.1276445500664088,-0.0077389430334812,0.0608419884669471,0.0666071876283754,0.0057651991614282,0.007303519131979,0.0072054987437383,-9.80203882407606e-05,0.1320314625442013,0.1254754322232324,-0.0065560303209688,0.0466470359168066,0.0481213425725912,0.0014743066557845,0.0150671339638615,Centre,0.0150671339638615,Centre,"Democracy, Media & Digitalization",34.0,3.0,31.0
32263,Should it be possible to hold a referendum on federal spending above a certain amount (optional financial referendum)?,0.2215265757585052,0.7784734242414948,0.9823007786301544,0.9289041137584216,151.33333333333334,0.4091891113351577,0.0,1366.4626989669644,1791.1523975904977,2447542.939472661,0.0672757198337234,0.2381467988781304,0.0977936744176345,0.1010336816724741,0.0032400072548395,0.1745269682760579,0.1765073802017362,0.0019804119256782,0.0312484996879374,0.0318086161921703,0.0005601165042329,0.1090233435221313,0.1112284688548668,0.0022051253327355,0.0432396605160585,0.0422974645392952,-0.0009421959767632,0.1619603544203661,0.1533885714895218,-0.0085717829308442,0.1353834930998901,0.1376739695189832,0.0022904764190931,0.0608419884669471,0.0614861224468158,0.0006441339798686,0.007303519131979,0.0085651148772273,0.0012615957452482,0.1320314625442013,0.1295109382751544,-0.0025205242690469,0.0466470359168066,0.0464996719317645,-0.000147363985042,0.0085717829308442,GLP,0.0022904764190931,Green,"Democracy, Media & Digitalization",25.0,13.0,12.0
32264,"Are you in favor of expanding the army's target number of soldiers to at least 120,000?",0.2682470537371025,0.7317529462628974,0.962864529537894,0.8897545012966512,59.66666666666666,0.0519468049354265,0.0,1415.8376065667635,1866.353614820024,2642453.63501401,0.2190933115405323,0.443839085508236,0.0977936744176345,0.0975556249033345,-0.0002380495142999,0.1745269682760579,0.1720617888520716,-0.0024651794239862,0.0312484996879374,0.0305350179504028,-0.0007134817375346,0.1090233435221313,0.1123140279844972,0.0032906844623659,0.0432396605160585,0.0401770234875564,-0.003062637028502,0.1619603544203661,0.1683543510383296,0.0063939966179634,0.1353834930998901,0.1357889107600976,0.0004054176602075,0.0608419884669471,0.0588429059911258,-0.0019990824758213,0.007303519131979,0.0075989139074256,0.0002953947754465,0.1320314625442013,0.1333644064632045,0.0013329439190031,0.0466470359168066,0.0434070286619646,-0.0032400072548419,0.0063939966179634,GLP,0.0063939966179634,GLP,Security & military,14.0,21.0,-7.0
32265,Should the Swiss Armed Forces expand their cooperation with NATO?,0.1854213920728623,0.8145786079271377,0.98314518273728,0.931947722904268,186.33333333333331,0.3894570070574679,0.0,1412.971549171588,1738.04158962084,2455803.317411208,0.1067668598308861,0.1787223125325528,0.0977936744176345,0.0987432052533816,0.0009495308357471,0.1745269682760579,0.1729559748427579,-0.0015709934333,0.0312484996879374,0.0313378516064698,8.935191853244248e-05,0.1090233435221313,0.111859933532852,0.0028365900107207,0.0432396605160585,0.04400715348793,0.0007674929718715,0.1619603544203661,0.1591170963560239,-0.0028432580643422,0.1353834930998901,0.1362656765940554,0.0008821834941653,0.0608419884669471,0.0609460101034477,0.0001040216365005,0.007303519131979,0.0076449234774162,0.0003414043454371,0.1320314625442013,0.1314433402147572,-0.000588122329444,0.0466470359168066,0.0456788345309184,-0.0009682013858882,0.0028432580643422,GLP,0.0008821834941653,Green,Security & military,41.0,46.0,-5.0
32266,"Should the Federal Council be allowed to authorize other states to re-export Swiss weapons in cases of a war of aggression in violation of international law (e.g., the attack on Ukraine)? [BePart question]",0.1921147475036699,0.80788525249633,0.981706537014115,0.9287333080750844,168.0,0.3875846176004609,0.0,1629.2908961138503,1789.865543215619,2916211.63482908,0.103166757434443,0.2291209326890566,0.0977936744176345,0.0990632718272285,0.0012695974095939,0.1745269682760579,0.174310923338711,-0.0002160449373469,0.0312484996879374,0.0314438736590567,0.0001953739711193,0.1090233435221313,0.108523239500495,-0.0005001040216362,0.0432396605160585,0.044017822373725,0.0007781618576665,0.1619603544203661,0.1591190967721102,-0.0028412576482559,0.1353834930998901,0.1381500685475796,0.0027665754476895,0.0608419884669471,0.0593976880524605,-0.0014443004144865,0.007303519131979,0.0082977259269923,0.0009942067950132,0.1320314625442013,0.1323401934268912,0.0003087308826899,0.0466470359168066,0.0453360965747568,-0.0013109393420497,0.0028412576482559,GLP,0.0027665754476895,Green,Security & military,38.0,47.0,-9.0
32267,Should automatic facial recognition be banned in public spaces?,0.3149168792131417,0.6850831207868583,0.969651720442246,0.8988947048719002,51.333333333333336,0.0351913197945172,0.0,1373.2189404050075,1181.0853440876074,1621888.7647358682,0.1088921530116284,0.2087091428506187,0.0977936744176345,0.0925205776134984,-0.005273096804136,0.1745269682760579,0.1778556606440685,0.0033286923680106,0.0312484996879374,0.0304429988104221,-0.0008055008775152,0.1090233435221313,0.115687396311775,0.0066640527896437,0.0432396605160585,0.041277252335157,-0.0019624081809014,0.1619603544203661,0.1583195971428556,-0.0036407572775105,0.1353834930998901,0.133709811640815,-0.001673681459075,0.0608419884669471,0.0612474061271529,0.0004054176602057,0.007303519131979,0.0071528211201259,-0.0001506980118531,0.1320314625442013,0.1333844106240704,0.0013529480798691,0.0466470359168066,0.0484020676300698,0.0017550317132632,0.0036407572775105,GLP,0.0033286923680106,Centre,Security & military,2.0,38.0,-36.0
32268,Should Switzerland terminate the Schengen agreement with the EU and reintroduce more security checks directly on the border? [BePart question],0.1275076725930986,0.8724923274069014,0.9844251266644636,0.9487174071846882,231.33333333333331,0.0309664410197321,0.0,899.5516019141108,1320.4094867518993,1187776.46899026,0.2207530319010278,0.4432249341936371,0.0977936744176345,0.0965534164439752,-0.0012402579736592,0.1745269682760579,0.1725732285648641,-0.0019537397111938,0.0312484996879374,0.0335436437445679,0.0022951440566304,0.1090233435221313,0.1081098201759429,-0.0009135233461883,0.0432396605160585,0.0446892953734424,0.0014496348573839,0.1619603544203661,0.1619016755484961,-5.867887187002707e-05,0.1353834930998901,0.1348927243533246,-0.0004907687465654,0.0608419884669471,0.0604078981761664,-0.0004340902907806,0.007303519131979,0.007398872298771,9.535316679199628e-05,0.1320314625442013,0.132310187185593,0.0002787246413917,0.0466470359168066,0.0476192381348679,0.0009722022180612,0.0019537397111938,Centre,0.0014496348573839,FDP,Security & military,53.0,57.0,-4.0
32269,Are you in favor of closer relations with the European Union (EU)?,0.1267773434482806,0.8732226565517194,0.9908886442027404,0.9555585402741184,273.0,0.3697729127658553,0.0,1219.210562980173,1552.3091532332778,1892591.7166328204,0.2502221406559579,0.4427836459351353,0.0977936744176345,0.0986958620726669,0.0009021876550323,0.1745269682760579,0.174531635913594,4.6676375360377165e-06,0.0312484996879374,0.0331602306613135,0.0019117309733761,0.1090233435221313,0.1096728119448959,0.0006494684227646,0.0432396605160585,0.0420807527965861,-0.0011589077194723,0.1619603544203661,0.1588930497543308,-0.0030673046660353,0.1353834930998901,0.133493099898105,-0.001890393201785,0.0608419884669471,0.0608819967886781,4.00083217309416e-05,0.007303519131979,0.0086357962456187,0.0013322771136396,0.1320314625442013,0.1316393809912382,-0.000392081552963,0.0466470359168066,0.0483153829329861,0.0016683470161795,0.0030673046660353,GLP,0.0016683470161795,SVP,Foreign trade & foreign policy,55.0,44.0,11.0
32270,Should Switzerland strive for a comprehensive free trade agreement (including agriculture) with the USA?,0.3050623430138061,0.6949376569861939,0.9645970897986824,0.8840342678470688,33.0,0.1191127754572951,0.0,1313.5330116476375,1684.755892351382,2212982.4811714143,0.1435343940018169,0.3494539609807021,0.0977936744176345,0.0943162844538568,-0.0034773899637776,0.1745269682760579,0.1763420124719185,0.0018150441958605,0.0312484996879374,0.0306797147139961,-0.0005687849739413,0.1090233435221313,0.1067808770891171,-0.0022424664330142,0.0432396605160585,0.0435317212646942,0.0002920607486357,0.1619603544203661,0.1647742730487721,0.002813918628406,0.1353834930998901,0.1316320461322555,-0.0037514469676345,0.0608419884669471,0.0599184630403258,-0.0009235254266213,0.007303519131979,0.0072341713743121,-6.934775766693005e-05,0.1320314625442013,0.1385261467718544,0.006494684227653,0.0466470359168066,0.0462642896389144,-0.0003827462778922,0.006494684227653,SP,0.006494684227653,SP,Foreign trade & foreign policy,4.0,19.0,-15.0
32271,Should Swiss companies be obliged to ensure that their subsidiaries and suppliers operating abroad comply with social and environmental standards?,0.0804123190457476,0.9195876809542524,0.9938712855383236,0.9698376416927116,336.3333333333333,0.3613471602093235,0.0,977.343358800718,1505.237934529009,1471134.2987268367,0.2779897107645814,0.5077463743950279,0.0977936744176345,0.0978316823232792,3.8007905644663054e-05,0.1745269682760579,0.1758759155237521,0.0013489472476941,0.0312484996879374,0.0311531465211454,-9.535316679204486e-05,0.1090233435221313,0.108325198307927,-0.0006981452142042,0.0432396605160585,0.0455528083174681,0.0023131478014096,0.1619603544203661,0.1592011138316592,-0.0027592405887069,0.1353834930998901,0.1357855767332854,0.0004020836333953,0.0608419884669471,0.0605439264700517,-0.0002980619968954,0.007303519131979,0.007336192594726,3.267346274691673e-05,0.1320314625442013,0.1316993934738347,-0.0003320690703665,0.0466470359168066,0.0466950459028838,4.800998607721457e-05,0.0027592405887069,GLP,0.0023131478014096,FDP,Foreign trade & foreign policy,74.0,49.0,25.0
32272,Should Switzerland terminate the Bilateral Agreements with the EU and seek a free trade agreement without the free movement of persons?,0.1176276837247111,0.8823723162752889,0.9866039295784574,0.9528791007599132,258.0,0.0881943444236401,0.0,836.9974075212858,1301.3713684473232,1089244.4616128376,0.2168635842544582,0.44475166629871,0.0977936744176345,0.0966514368322162,-0.0011422375854183,0.1745269682760579,0.1745649761817005,3.800790564253975e-05,0.0312484996879374,0.0319986557203924,0.0007501560324549,0.1090233435221313,0.1084278863337036,-0.0005954571884277,0.0432396605160585,0.0441371805335551,0.0008975200174966,0.1619603544203661,0.161445580680763,-0.0005147737396031,0.1353834930998901,0.135016083345328,-0.000367409754562,0.0608419884669471,0.0617681811150178,0.0009261926480706,0.007303519131979,0.007350862312694,4.7343180714914425e-05,0.1320314625442013,0.1321528211201186,0.0001213585759172,0.0466470359168066,0.0464863358245206,-0.0001607000922859,0.0008975200174966,FDP,0.0008975200174966,FDP,Foreign trade & foreign policy,58.0,72.0,-14.0
32273,Should Switzerland return to a strict interpretation of neutrality (renounce economic sanctions to a large extent)? [BePart question],0.1828714297272132,0.8171285702727867,0.9765066857827196,0.9264370442671434,151.33333333333334,0.0573239233760622,0.0,1144.1750281401526,1676.9520481900374,1918726.6569275225,0.2126729463865033,0.4326309498863067,0.0977936744176345,0.0963900491302423,-0.0014036252873921,0.1745269682760579,0.1759105894025843,0.0013836211265263,0.0312484996879374,0.0320153258544466,0.0007668261665091,0.1090233435221313,0.107276980278578,-0.0017463632435533,0.0432396605160585,0.0441318460906581,0.0008921855745996,0.1619603544203661,0.1618356618176395,-0.0001246926027266,0.1353834930998901,0.1334444231066627,-0.0019390699932273,0.0608419884669471,0.0599718074693001,-0.0008701809976469,0.007303519131979,0.0122178746512605,0.0049143555192814,0.1320314625442013,0.1306658451624526,-0.0013656173817486,0.0466470359168066,0.0461395970361862,-0.0005074388806203,0.0019390699932273,Green,0.0013836211265263,Centre,Foreign trade & foreign policy,42.0,58.0,-16.0
32274,"What is your position the following statement: ""Someone who is not guilty, has nothing to fear from state security measures.""",0.1990181615054644,0.8009818384945355,0.9873591928573232,0.9393738592525772,201.33333333333331,0.3731336117912526,0.0,1189.8783187092845,1341.2122059496394,1595879.3246477272,0.1154579024209131,0.1733655080856029,0.0977936744176345,0.0916450621729522,-0.0061486122446822,0.1745269682760579,0.1769821456196114,0.0024551773435534,0.0312484996879374,0.0314598769877491,0.0002113772998117,0.1090233435221313,0.1136162988568366,0.0045929553347053,0.0432396605160585,0.0403877339820059,-0.0028519265340525,0.1619603544203661,0.1658064877494308,0.0038461333290647,0.1353834930998901,0.1337778257877565,-0.0016056673121335,0.0608419884669471,0.062270285552741,0.0014282970857938,0.007303519131979,0.0071968302740299,-0.0001066888579491,0.1320314625442013,0.1293882460885134,-0.0026432164556878,0.0466470359168066,0.0474692069283771,0.0008221710115704,0.0038461333290647,GLP,0.0038461333290647,GLP,Values,33.0,36.0,-3.0
32275,"What is your position the following statement: ""In the long term, everyone benefits from a free market economy in the long term.""",0.1268879512957914,0.8731120487042086,0.9925787896407744,0.9565417304272942,274.6666666666667,0.3858562581016851,0.0,1013.7017727443424,1343.7248471372984,1362136.2596236998,0.2723425295374545,0.486839290707001,0.0977936744176345,0.0967667941598741,-0.0010268802577604,0.1745269682760579,0.176582729207665,0.0020557609316071,0.0312484996879374,0.031429870746451,0.0001813710585135,0.1090233435221313,0.1081778343228851,-0.0008455091992462,0.0432396605160585,0.0428349096612138,-0.0004047508548446,0.1619603544203661,0.1649929852075692,0.003032630787203,0.1353834930998901,0.1331116872309372,-0.0022718058689528,0.0608419884669471,0.0607453016894304,-9.668677751670934e-05,0.007303519131979,0.0070781389195616,-0.0002253802124174,0.1320314625442013,0.1317540715135335,-0.0002773910306678,0.0466470359168066,0.0465256773408895,-0.0001213585759171,0.003032630787203,GLP,0.003032630787203,GLP,Values,54.0,45.0,9.0
32276,"What is your position the following statement: ""It is necessary for the State to balance out differences in income and wealth through redistribution"".",0.1065897904963312,0.8934102095036688,0.99477908727736,0.9651993592364572,313.0,0.3745979163666043,0.0,911.9623007556748,1304.7920916003975,1189921.197863708,0.2868457423868091,0.5246322041306168,0.0977936744176345,0.0974149289719152,-0.0003787454457193,0.1745269682760579,0.1759986077103938,0.0014716394343359,0.0312484996879374,0.0308424152223685,-0.0004060844655689,0.1090233435221313,0.1105236555870404,0.001500312064909,0.0432396605160585,0.0425528509930108,-0.0006868095230476,0.1619603544203661,0.1634800038407784,0.0015196494204122,0.1353834930998901,0.1332737209339471,-0.0021097721659429,0.0608419884669471,0.0608599922117262,1.8003744779067354e-05,0.007303519131979,0.0073675324467485,6.401331476946041e-05,0.1320314625442013,0.1309825777094892,-0.001048884834712,0.0466470359168066,0.0467037143725922,5.667845578556652e-05,0.0021097721659429,Green,0.0015196494204122,GLP,Values,64.0,54.0,10.0
32277,"What is your position the following statement: ""It is best for a child, when one parent stays home full-time for childcare.""",0.1323539366796446,0.8676460633203553,0.9930736392662995,0.9600034359982356,278.0,0.3671563685246531,0.0,976.6909968552454,1071.783861404484,1046801.6480085097,0.185242837946392,0.3636279952118121,0.0977936744176345,0.0977236598546057,-7.001456302882514e-05,0.1745269682760579,0.1744842927328785,-4.267554317943789e-05,0.0312484996879374,0.0315005521148422,0.0002520524269047,0.1090233435221313,0.1099255311771635,0.0009021876550322,0.0432396605160585,0.0424935053157769,-0.0007461552002815,0.1619603544203661,0.1624817962135921,0.0005214417932259,0.1353834930998901,0.135568198185214,0.0001847050853239,0.0608419884669471,0.0603532201364676,-0.0004887683304795,0.007303519131979,0.0073988722987711,9.535316679201276e-05,0.1320314625442013,0.1307331925040342,-0.001298270040167,0.0466470359168066,0.047337179466665,0.0006901435498584,0.001298270040167,SP,0.0006901435498584,SVP,Values,51.0,68.0,-17.0
32278,"What is your position the following statement: ""The ongoing digitalization offers significantly more opportunities than risks.""",0.1220811654258063,0.8779188345741936,0.9956031614145294,0.9671556454873969,306.3333333333333,0.3803831196888952,0.0,644.4462546970691,628.6766968043471,405148.3426708864,0.0970340415980138,0.1448976576976675,0.0977936744176345,0.0952938211148132,-0.0024998533028212,0.1745269682760579,0.174190231568156,-0.0003367367079019,0.0312484996879374,0.0316112418049645,0.000362742117027,0.1090233435221313,0.1090333456025634,1.0002080432128246e-05,0.0432396605160585,0.043102298611449,-0.0001373619046094,0.1619603544203661,0.1645302222862155,0.0025698678658493,0.1353834930998901,0.1346986839929294,-0.0006848091069606,0.0608419884669471,0.0608693274867967,2.733901984960929e-05,0.007303519131979,0.0074955590762874,0.0001920399443084,0.1320314625442013,0.1324762217207764,0.000444759176575,0.0466470359168066,0.0466990467350569,5.201081825030596e-05,0.0025698678658493,GLP,0.0025698678658493,GLP,Values,57.0,50.0,7.0
32279,"What is your position the following statement: ""Punishing criminals is more important than reintegrating them into society.""",0.1110101817249478,0.8889898182750522,0.9956792243931044,0.9680604772245192,319.6666666666667,0.376542320802727,0.0,864.8883781761746,938.3072852264864,811531.066150425,0.2536170860152601,0.4750040115151552,0.0977936744176345,0.0968141373405891,-0.0009795370770453,0.1745269682760579,0.1747290103007989,0.000202042024741,0.0312484996879374,0.0310871327902894,-0.000161366897648,0.1090233435221313,0.1102876064888278,0.0012642629666965,0.0432396605160585,0.0429242615797463,-0.0003153989363121,0.1619603544203661,0.1634720021764318,0.0015116477560656,0.1353834930998901,0.1333757421543603,-0.0020077509455297,0.0608419884669471,0.0605926032614909,-0.0002493852054562,0.007303519131979,0.0073188556553092,1.533652333018682e-05,0.1320314625442013,0.1319887870010215,-4.267554317979872e-05,0.0466470359168066,0.0474098612511429,0.0007628253343363,0.0020077509455297,Green,0.0015116477560656,GLP,Values,62.0,56.0,6.0
32280,"What is your position the following statement: ""Stronger environmental protection is necessary, even if its application limits economic growth.""",0.0878510544463245,0.9121489455536754,0.9963880857255027,0.9719532076393798,343.0,0.3633155696384848,0.0,755.7342738439281,1186.8304802743774,896928.471185997,0.2946926232588106,0.5207133246566358,0.0977936744176345,0.0965240770080397,-0.0012695974095947,0.1745269682760579,0.1752731234763398,0.0007461552002819,0.0312484996879374,0.0313205146670531,7.201497911566226e-05,0.1090233435221313,0.1097734995545856,0.0007501560324543,0.0432396605160585,0.0416760019417417,-0.0015636585743167,0.1619603544203661,0.163112594086216,0.0011522396658499,0.1353834930998901,0.1355535284672459,0.0001700353673558,0.0608419884669471,0.0608973333120083,5.534484506115184e-05,0.007303519131979,0.0072868489979245,-1.667013405454599e-05,0.1320314625442013,0.1319794517259512,-5.2010818250070034e-05,0.0466470359168066,0.0466030267629028,-4.400915390381094e-05,0.0015636585743167,FDP,0.0011522396658499,GLP,Values,71.0,62.0,9.0
32281,"Should the federal government spend more or less in the area of ""Social services""?",0.0854773054462184,0.9145226945537815,0.9976013550412228,0.9778957537591932,358.0,0.4332901243458639,0.0,700.5271368931703,942.2291012013476,660057.0545620052,0.3173189719847984,0.5182518444340258,0.0977936744176345,0.0971035308677762,-0.0006901435498582,0.1745269682760579,0.1741635593536687,-0.0003634089223892,0.0312484996879374,0.0311451448567992,-0.0001033548311382,0.1090233435221313,0.1098835224393457,0.0008601789172143,0.0432396605160585,0.0437030902427751,0.0004634297267166,0.1619603544203661,0.1627018419831125,0.0007414875627463,0.1353834930998901,0.1354181669787233,3.4673878833241245e-05,0.0608419884669471,0.0604999173161475,-0.0003420711507996,0.007303519131979,0.0072675116424212,-3.6007489557820724e-05,0.1320314625442013,0.1312539674918976,-0.0007774950523037,0.0466470359168066,0.0468597468273427,0.000212710910536,0.0007774950523037,SP,0.0007414875627463,GLP,Federal budget,72.0,73.0,-1.0
32282,"Should the federal government spend more or less in the area of ""Education and research""?",0.084901387729412,0.915098612270588,0.9985797108440404,0.9829345437022392,369.6666666666667,0.3820634692015939,0.0,308.1630454299522,500.9373121121712,154370.36766998115,0.1641033988033194,0.3808887360675987,0.0977936744176345,0.0974155957772774,-0.000378078640357,0.1745269682760579,0.1752444508457662,0.0007174825697082,0.0312484996879374,0.0312765055131491,2.80058252116848e-05,0.1090233435221313,0.1083258651132892,-0.000697478408842,0.0432396605160585,0.0436364097065566,0.0003967491904981,0.1619603544203661,0.1622444135046552,0.000284059084289,0.1353834930998901,0.1356688857949031,0.000285392695013,0.0608419884669471,0.0608199838899952,-2.200457695197139e-05,0.007303519131979,0.0072975178837194,-6.001248259640546e-06,0.1320314625442013,0.131932775350598,-9.868719360328626e-05,0.0466470359168066,0.0461375966200996,-0.000509439296707,0.0007174825697082,Centre,0.0007174825697082,Centre,Federal budget,73.0,75.0,-2.0
32283,"Should the federal government spend more or less in the area of ""Agriculture""?",0.1050746288650896,0.8949253711349103,0.9965652579609748,0.9728554922164788,338.0,0.4458687406980652,0.0,686.3438855313875,560.0333518621457,384375.46674423176,0.0951228125280349,0.1354001741133939,0.0977936744176345,0.0971908823702218,-0.0006027920474127,0.1745269682760579,0.1751631005915791,0.0006361323155211,0.0312484996879374,0.0313418524386429,9.33527507054506e-05,0.1090233435221313,0.1098061730173325,0.0007828294952011,0.0432396605160585,0.043146307765353,-9.335275070544712e-05,0.1619603544203661,0.1606494150783178,-0.0013109393420482,0.1353834930998901,0.1354021636500309,1.86705501408202e-05,0.0608419884669471,0.0607826427897129,-5.934567723420853e-05,0.007303519131979,0.0072341713743121,-6.934775766691097e-05,0.1320314625442013,0.132718938872611,0.0006874763284096,0.0466470359168066,0.0465643520518961,-8.268386491051827e-05,0.0013109393420482,GLP,0.0006874763284096,SP,Federal budget,66.0,67.0,-1.0
32284,"Should the federal government spend more or less in the area of ""Public transport""?",0.0900703963484583,0.9099296036515416,0.9980782953369596,0.9803549649155036,359.6666666666667,0.4091651063421191,0.0,448.6524039622384,670.3164172839786,300739.0720298119,0.2065976176240886,0.4727739835657925,0.0977936744176345,0.0969294946682462,-0.0008641797493883,0.1745269682760579,0.1751044217197081,0.0005774534436502,0.0312484996879374,0.0312444988557643,-4.000832173101793e-06,0.1090233435221313,0.1096868148575019,0.0006634713353706,0.0432396605160585,0.0431203023562279,-0.0001193581598305,0.1619603544203661,0.1620883810499043,0.0001280266295381,0.1353834930998901,0.1347400259253845,-0.0006434671745055,0.0608419884669471,0.0608753287350564,3.334026810924984e-05,0.007303519131979,0.0072261697099659,-7.734942201310501e-05,0.1320314625442013,0.1327609476104277,0.0007294850662263,0.0466470359168066,0.0462236145118211,-0.0004234214049854,0.0007294850662263,SP,0.0007294850662263,SP,Federal budget,70.0,74.0,-4.0
32285,"Should the federal government spend more or less in the area of ""Road traffic (motorised individual transport)""?",0.0976137901689085,0.9023862098310914,0.9965959630015327,0.9731525292358542,343.0,0.4230399923184022,0.0,802.8470073228034,800.1339084827928,642385.113882908,0.2745526624278196,0.4145429410458174,0.0977936744176345,0.0961086572674005,-0.0016850171502339,0.1745269682760579,0.1759052549596882,0.0013782866836302,0.0312484996879374,0.0313251823045883,7.668261665091589e-05,0.1090233435221313,0.1104476397757516,0.0014242962536203,0.0432396605160585,0.043255663844751,1.6003328692490437e-05,0.1619603544203661,0.1616409546518816,-0.0003193997684844,0.1353834930998901,0.1339992051680011,-0.0013842879318889,0.0608419884669471,0.0599924784355265,-0.0008495100314206,0.007303519131979,0.0073161884338605,1.2669301881458074e-05,0.1320314625442013,0.1332177092835225,0.0011862467393211,0.0466470359168066,0.0467910658750378,0.0001440299582312,0.0013842879318889,Green,0.0013782866836302,Centre,Federal budget,67.0,66.0,1.0
32286,"Should the federal government spend more or less in the area of ""Public security""?",0.0722408322396628,0.9277591677603372,0.9979403568350808,0.9816259359512548,368.0,0.4794277209659609,0.0,507.7144688147693,465.77156432333913,236478.96236944824,0.172260153095249,0.3006762295180478,0.0977936744176345,0.0948904038706934,-0.0029032705469411,0.1745269682760579,0.1754304895418142,0.0009035212657562,0.0312484996879374,0.0313351843850211,8.668469708370333e-05,0.1090233435221313,0.1103202799515748,0.0012969364294435,0.0432396605160585,0.0433063410522767,6.668053621826375e-05,0.1619603544203661,0.1621677308880047,0.0002073764676385,0.1353834930998901,0.1344132912979156,-0.0009702018019744,0.0608419884669471,0.0607753079307289,-6.668053621825681e-05,0.007303519131979,0.0070287953227601,-0.0002747238092189,0.1320314625442013,0.1329783261584993,0.0009468636142979,0.0466470359168066,0.0473538496007195,0.0007068136839129,0.0009702018019744,Green,0.0009468636142979,SP,Federal budget,75.0,71.0,4.0
32287,"Should the federal government spend more or less in the area of ""National defence""?",0.1126136930407808,0.8873863069592192,0.9952733208653096,0.9678034243814572,313.0,0.4373229631763407,0.0,910.0801291606984,984.859549712047,896301.106207087,0.2444025859428002,0.4459136789120702,0.0977936744176345,0.0963907159356031,-0.0014029584820313,0.1745269682760579,0.1746676642074782,0.0001406959314202,0.0312484996879374,0.0314078661694989,0.0001593664815615,0.1090233435221313,0.1098675191106534,0.0008441755885221,0.0432396605160585,0.0427922341180342,-0.0004474263980242,0.1619603544203661,0.16212972298236,0.0001693685619939,0.1353834930998901,0.1351781170483378,-0.0002053760515522,0.0608419884669471,0.0605846015971446,-0.0002573868698025,0.007303519131979,0.0074335461776045,0.0001300270456254,0.1320314625442013,0.1331103536202116,0.0010788910760102,0.0466470359168066,0.0464376590330814,-0.0002093768837251,0.0010788910760102,SP,0.0010788910760102,SP,Federal budget,61.0,70.0,-9.0
32288,"Should the federal government spend more or less in the area of ""Development assistance""?",0.0946599944635752,0.9053400055364248,0.9969883363583636,0.9761634520217296,348.0,0.4619280810408565,0.0,720.0267447007055,989.1490642949788,712213.7807880625,0.2650196405437173,0.513960348681391,0.0977936744176345,0.0969701697953396,-0.0008235046222949,0.1745269682760579,0.1767147566693757,0.0021877883933177,0.0312484996879374,0.0312164930305527,-3.200665738474495e-05,0.1090233435221313,0.110002213793814,0.0009788702716827,0.0432396605160585,0.0438104459060864,0.0005707853900279,0.1619603544203661,0.1642908391611915,0.0023304847408253,0.1353834930998901,0.1322021647169217,-0.0031813283829683,0.0608419884669471,0.0595750582788007,-0.0012669301881464,0.007303519131979,0.0070901414160808,-0.0002133777158982,0.1320314625442013,0.131303311088699,-0.0007281514555022,0.0466470359168066,0.046824406143147,0.0001773702263403,0.0031813283829683,Green,0.0023304847408253,GLP,Federal budget,68.0,42.0,26.0
