metric,n_voters,k,n_candidates,mean,median,min,max,std,p10,p90
jaccard_topk,34052,24,685,0.93225,0.92,0.2973,1.0,0.06136,0.84615,1.0
swaps_topk,34052,24,685,0.8677,1.0,0.0,13.0,0.82733,0.0,2.0
top1_changed,34052,24,685,0.06393,0.0,0.0,1.0,0.24463,0.0,0.0
spearman,34052,24,685,0.99956,0.99967,0.99472,0.99997,0.00039,0.99911,0.99989
kendall,34052,24,685,0.98631,0.98715,0.95027,0.9967,0.00562,0.97884,0.99271
any_rank_change,34052,24,685,1.0,1.0,1.0,1.0,0.0,1.0,1.0
n_changed,34052,24,685,574.94133,578.0,395.0,664.0,36.5624,525.0,620.0
avg_pos_moved,34052,24,685,3.6486,3.41022,0.98102,13.23504,1.45965,2.02044,5.57372
max_pos_moved,34052,24,685,32.51345,26.0,6.0,112.0,19.13398,14.0,64.0
